id,province,name,cohort,n_positive,area2000,area2011,boundary_exclusion_long
CB_괴산군,CB,괴산군,2012,12,6742.0,3618.0,True
CB_단양군,CB,단양군,2012,12,948.0,361.0,False
CB_보은군,CB,보은군,2012,12,5671.0,4705.0,False
CB_영동군,CB,영동군,2012,12,3023.0,1468.0,False
CB_옥천군,CB,옥천군,2012,12,3602.0,2369.0,False
CB_음성군,CB,음성군,2012,12,7386.0,5481.0,False
CB_제천시,CB,제천시,2012,12,3213.0,2616.0,False
CB_증평군,CB,증평군,2012,6,1320.0,1089.0,True
CB_진천군,CB,진천군,2009,12,6548.0,5139.0,False
CB_청원군,CB,청원군,2009,12,11886.0,9838.0,False
CB_청주시,CB,청주시,2012,12,3007.0,2328.0,False
CB_충주시,CB,충주시,2012,12,7912.0,5468.0,False
CN_계룡시,CN,계룡시,2012,6,273.0,273.0,True
CN_공주시,CN,공주시,2012,12,10677.0,8440.0,False
CN_금산군,CN,금산군,2012,12,3597.0,1617.0,False
CN_논산시,CN,논산시,2009,12,14443.0,12677.0,True
CN_당진군,CN,당진군,2009,12,21760.0,20537.0,False
CN_보령시,CN,보령시,2012,12,9934.0,9335.0,False
CN_부여군,CN,부여군,2012,12,13681.0,9901.0,False
CN_서산시,CN,서산시,2009,12,21230.0,20544.0,False
CN_서천군,CN,서천군,2012,12,11068.0,10515.0,False
CN_아산시,CN,아산시,2011,12,13153.0,11093.0,False
CN_연기군,CN,연기군,2012,12,5205.0,3439.0,False
CN_예산군,CN,예산군,2011,12,12494.0,11928.0,False
CN_천안시,CN,천안시,2012,12,9384.0,6816.0,False
CN_청양군,CN,청양군,2012,12,7049.0,5938.0,False
CN_태안군,CN,태안군,2012,12,10502.0,9899.0,False
CN_홍성군,CN,홍성군,2012,12,10597.0,9909.0,False
GB_경산시,GB,경산시,2012,12,1867.0,1493.0,False
GB_경주시,GB,경주시,2011,12,15790.0,13569.0,False
GB_고령군,GB,고령군,2012,12,4697.0,3312.0,False
GB_구미시,GB,구미시,2009,12,8789.0,5656.0,False
GB_군위군,GB,군위군,2012,12,3138.0,2685.0,False
GB_김천시,GB,김천시,2012,12,6735.0,5105.0,False
GB_문경시,GB,문경시,2012,12,5934.0,4982.0,False
GB_봉화군,GB,봉화군,2012,12,3581.0,3014.0,False
GB_상주시,GB,상주시,2009,12,16882.0,13359.0,False
GB_성주군,GB,성주군,2012,12,4305.0,3013.0,False
GB_안동시,GB,안동시,2012,12,7402.0,5761.0,False
GB_영덕군,GB,영덕군,2012,12,3139.0,2266.0,False
GB_영양군,GB,영양군,2012,12,1356.0,932.0,False
GB_영주시,GB,영주시,2012,12,5890.0,4987.0,False
GB_영천시,GB,영천시,2012,12,5305.0,3801.0,False
GB_예천군,GB,예천군,2012,12,10820.0,8566.0,False
GB_울진군,GB,울진군,2012,12,3720.0,2540.0,False
GB_의성군,GB,의성군,2011,12,11317.0,10650.0,False
GB_청도군,GB,청도군,2012,12,4180.0,3033.0,False
GB_청송군,GB,청송군,2012,12,1747.0,1261.0,False
GB_칠곡군,GB,칠곡군,2012,12,3376.0,2442.0,False
GB_포항시,GB,포항시,2012,12,9443.0,8031.0,False
GG_가평군,GG,가평군,2012,12,1978.0,1144.0,False
GG_고양시,GG,고양시,2012,12,2909.0,1552.0,False
GG_과천시,GG,과천시,2012,12,102.0,20.0,False
GG_광명시,GG,광명시,2012,12,305.0,133.0,False
GG_광주시,GG,광주시,2012,12,1894.0,967.0,False
GG_구리시,GG,구리시,2012,5,4.0,1.0,False
GG_군포시,GG,군포시,2012,12,207.0,91.0,False
GG_김포시,GG,김포시,2012,12,8004.0,5297.0,False
GG_남양주시,GG,남양주시,2012,12,1080.0,378.0,False
GG_동두천시,GG,동두천시,2012,12,210.0,103.0,False
GG_부천시,GG,부천시,2012,12,404.0,305.0,False
GG_성남시,GG,성남시,2012,12,153.0,61.0,False
GG_수원시,GG,수원시,2012,12,1290.0,603.0,False
GG_시흥시,GG,시흥시,2012,12,1555.0,1074.0,False
GG_안산시,GG,안산시,2012,12,840.0,805.0,False
GG_안성시,GG,안성시,2012,12,10200.0,8424.0,False
GG_안양시,GG,안양시,2012,10,20.0,2.0,False
GG_양주시,GG,양주시,2012,12,2680.0,1791.0,False
GG_양평군,GG,양평군,2012,12,5714.0,4678.0,False
GG_여주시,GG,여주시,2012,12,10165.0,8137.0,False
GG_연천군,GG,연천군,2012,12,4780.0,3876.0,False
GG_오산시,GG,오산시,2012,12,742.0,363.0,False
GG_용인시,GG,용인시,2012,12,5935.0,4379.0,False
GG_의왕시,GG,의왕시,2012,12,144.0,99.0,False
GG_의정부시,GG,의정부시,2012,12,388.0,142.0,False
GG_이천시,GG,이천시,2009,12,10404.0,8768.0,False
GG_파주시,GG,파주시,2012,12,9830.0,7128.0,False
GG_평택시,GG,평택시,2009,12,16970.0,13689.0,False
GG_포천시,GG,포천시,2012,12,5587.0,3743.0,False
GG_하남시,GG,하남시,2012,12,233.0,17.0,False
GG_화성시,GG,화성시,2011,12,16930.0,13922.0,False
GN_거제시,GN,거제시,2012,12,2634.0,1861.0,False
GN_거창군,GN,거창군,2012,12,6346.0,5237.0,False
GN_고성군,GN,고성군,2012,12,7695.0,6181.0,False
GN_김해시,GN,김해시,2009,12,6180.0,4410.0,False
GN_남해군,GN,남해군,2012,12,4026.0,3061.0,False
GN_마산시,GN,마산시,2012,11,2055.0,1322.0,True
GN_밀양시,GN,밀양시,2009,12,7804.0,6082.0,False
GN_사천시,GN,사천시,2012,12,5995.0,4669.0,False
GN_산청군,GN,산청군,2012,12,5498.0,4209.0,False
GN_양산시,GN,양산시,2012,12,2040.0,1008.0,False
GN_의령군,GN,의령군,2012,12,5175.0,3681.0,False
GN_진주시,GN,진주시,2012,12,7693.0,5931.0,False
GN_진해시,GN,진해시,2012,11,464.0,125.0,True
GN_창녕군,GN,창녕군,2012,12,7602.0,6232.0,False
GN_창원시,GN,창원시,2012,12,3460.0,3893.0,True
GN_통영시,GN,통영시,2012,12,782.0,362.0,False
GN_하동군,GN,하동군,2012,12,6603.0,5024.0,False
GN_함안군,GN,함안군,2012,12,7228.0,6096.0,False
GN_함양군,GN,함양군,2012,12,5099.0,3846.0,False
GN_합천군,GN,합천군,2012,12,9414.0,7739.0,False
GW_강릉시,GW,강릉시,2012,12,3937.0,2864.0,False
GW_고성군,GW,고성군,2012,12,3378.0,2903.0,False
GW_동해시,GW,동해시,2012,12,362.0,250.0,False
GW_삼척시,GW,삼척시,2012,12,1085.0,739.0,False
GW_속초시,GW,속초시,2012,12,479.0,277.0,False
GW_양구군,GW,양구군,2012,12,2551.0,1601.0,False
GW_양양군,GW,양양군,2012,12,2477.0,1982.0,False
GW_영월군,GW,영월군,2012,12,1100.0,545.0,False
GW_원주시,GW,원주시,2012,12,4684.0,3845.0,False
GW_인제군,GW,인제군,2012,12,1318.0,847.0,False
GW_정선군,GW,정선군,2012,12,606.0,235.0,False
GW_철원군,GW,철원군,2009,12,10178.0,10214.0,False
GW_춘천시,GW,춘천시,2012,12,2928.0,1758.0,False
GW_태백시,GW,태백시,2012,6,1.0,1.0,False
GW_평창군,GW,평창군,2012,12,1003.0,454.0,False
GW_홍천군,GW,홍천군,2012,12,5151.0,3454.0,False
GW_화천군,GW,화천군,2012,12,1486.0,721.0,False
GW_횡성군,GW,횡성군,2012,12,4442.0,3225.0,False
JB_고창군,JB,고창군,2011,12,14918.0,13118.0,False
JB_군산시,JB,군산시,2012,12,13740.0,12996.0,False
JB_김제시,JB,김제시,2009,12,23480.0,21861.0,False
JB_남원시,JB,남원시,2012,12,12304.0,10645.0,False
JB_무주군,JB,무주군,2012,12,2591.0,1402.0,False
JB_부안군,JB,부안군,2009,12,15011.0,13985.0,False
JB_순창군,JB,순창군,2012,12,7198.0,5631.0,False
JB_완주군,JB,완주군,2012,12,7176.0,4675.0,False
JB_익산시,JB,익산시,2009,12,20748.0,18133.0,False
JB_임실군,JB,임실군,2012,12,5723.0,4378.0,False
JB_장수군,JB,장수군,2012,12,4330.0,3120.0,False
JB_전주시,JB,전주시,2012,12,4109.0,2773.0,False
JB_정읍시,JB,정읍시,2011,12,17927.0,15164.0,False
JB_진안군,JB,진안군,2012,12,4144.0,2668.0,False
JN_강진군,JN,강진군,2012,12,10886.0,9922.0,False
JN_고흥군,JN,고흥군,2011,12,14033.0,14038.0,False
JN_곡성군,JN,곡성군,2012,12,6083.0,5034.0,False
JN_광양시,JN,광양시,2012,12,4607.0,1560.0,False
JN_구례군,JN,구례군,2012,12,3977.0,3161.0,False
JN_나주시,JN,나주시,2009,12,15344.0,13142.0,False
JN_담양군,JN,담양군,2012,12,8071.0,6421.0,False
JN_목포시,JN,목포시,2012,12,417.0,197.0,False
JN_무안군,JN,무안군,2012,12,10672.0,8882.0,False
JN_보성군,JN,보성군,2012,12,10530.0,9087.0,False
JN_순천시,JN,순천시,2012,12,8827.0,5215.0,False
JN_신안군,JN,신안군,2012,12,10183.0,9703.0,False
JN_여수시,JN,여수시,2012,12,118.0,2256.0,False
JN_영광군,JN,영광군,2011,12,11709.0,10756.0,False
JN_영암군,JN,영암군,2009,12,16274.0,15485.0,False
JN_완도군,JN,완도군,2012,12,3391.0,2762.0,False
JN_장성군,JN,장성군,2012,12,7614.0,5363.0,False
JN_장흥군,JN,장흥군,2012,12,10395.0,8929.0,False
JN_진도군,JN,진도군,2012,12,6798.0,5720.0,False
JN_함평군,JN,함평군,2012,12,9492.0,8170.0,False
JN_해남군,JN,해남군,2009,12,24553.0,21561.0,False
JN_화순군,JN,화순군,2012,12,7424.0,5478.0,False
