year,beta,se,ci_low,ci_high
2000,-0.043230444918423226,0.023177301159240365,-0.0896248538841743,0.0031639640473278483
2001,-0.042475113925286245,0.023692021038313835,-0.08989984667241581,0.0049496188218433185
2002,-0.03512103578272196,0.02132724618833459,-0.07781215736658115,0.007570085801137223
2003,-0.030385402752400988,0.017231736125948152,-0.0648784702378885,0.004107664733086519
2004,-0.026695339210366417,0.016117909879102048,-0.05895884122324221,0.005568162802509373
2005,-0.012176258785661411,0.013493763276019373,-0.039186960662186285,0.01483444309086346
2006,-0.003731828276053208,0.00933724272431056,-0.022422350291013547,0.014958693738907132
2007,-0.007622009665028154,0.007460705846941203,-0.022556235002914947,0.00731221567285864
2009,0.009943360988925903,0.00583628685251924,-0.001739236446248826,0.02162595842410063
2010,0.002082600462783942,0.022045169638023436,-0.04204560104259527,0.04621080196816315
2011,0.012617836410158269,0.02323226661862663,-0.03388659787667037,0.05912227069698691
