model,n,municipalities,treated,controls,cluster,clusters,beta,se,p,ci_low,ci_high,percent,percent_low,percent_high,mde_log
CB_진천군,696,58,16,42,id,58,0.03500231634278694,0.02120279094338677,0.10427210411927672,-0.00745554016191325,0.07746017284748713,3.5622107652644037,-0.7427816563279427,8.053919680218453,0.06030257557366198
CB_청원군,696,58,16,42,id,58,0.031126993979439393,0.021737516930911523,0.15761974999853462,-0.012401632845464392,0.07465562080434318,3.16165046533736,-1.2325049509895445,7.751301391733177,0.06182338263910965
CN_당진군,696,58,16,42,id,58,0.028166774901381576,0.02158173039225668,0.19709570210487662,-0.015049894760843379,0.07138344456360653,2.856720931290153,-1.4937211095376424,7.399296368727598,0.061380312217594074
CN_서산시,696,58,16,42,id,58,0.02599873184263169,0.021153796866743374,0.22410889910940865,-0.016361015715880244,0.06835847940114362,2.6339646912431203,-1.6227901249587042,7.0749081176756405,0.06016323217225134
GB_구미시,696,58,16,42,id,58,0.04254270669979227,0.01736549200197457,0.017386819915153777,0.007768908782243955,0.07731650461734059,4.346061818149324,0.7799165056068649,8.038396879910923,0.04938896471785073
GB_상주시,696,58,16,42,id,58,0.03415290853510256,0.02139336722215065,0.11592379853687473,-0.008686570385182509,0.07699238745538764,3.4742815640210587,-0.8648951138869229,8.003385455540514,0.06084459103206985
GG_이천시,696,58,16,42,id,58,0.030399084340284988,0.02174420829845955,0.16752039849465286,-0.013142941717009138,0.07394111039757911,3.086585429168708,-1.305695039706857,7.674339463869853,0.061842413468510056
GG_평택시,696,58,16,42,id,58,0.03217678917937599,0.021676253926052075,0.14320538454594772,-0.011229160594364372,0.07558273895311635,3.270005936388831,-1.1166348897919731,7.851245901833047,0.061649145342224036
GN_김해시,696,58,16,42,id,58,0.03398935092963713,0.021425228622352997,0.11817729835298178,-0.008913929344037785,0.07689263120331205,3.4573589422506643,-0.8874318060633228,7.992611979965701,0.06093520761640136
GN_밀양시,696,58,16,42,id,58,0.03236931750964023,0.021658372996451222,0.14055022559792665,-0.011000826320194411,0.07573946133947487,3.289890252283789,-1.0940538504775477,7.868149931047822,0.061598290428290216
GW_철원군,696,58,16,42,id,58,0.024565705843284207,0.020717169325076334,0.24063451947257664,-0.016919710144464334,0.06605112183103275,2.4869928837864133,-1.6777375731696753,6.828132826763081,0.05892142559125823
JB_김제시,696,58,16,42,id,58,0.027889756414141993,0.021542124982824578,0.20065723448426007,-0.0152476047836941,0.07102711761197808,2.8282316642643575,-1.513194863046455,7.361033922220797,0.06126767099966281
JB_부안군,696,58,16,42,id,58,0.02795681383118862,0.02155211094576815,0.1997977030990739,-0.01520054391251974,0.07111417157489698,2.8351272910781122,-1.5085598791351955,7.370380532510626,0.06129607194398606
JB_익산시,696,58,16,42,id,58,0.030582439706188885,0.021745278860987056,0.16503563429679757,-0.012961730115588582,0.07412660952796635,3.1054886407095315,-1.2878088661117784,7.694314812853074,0.06184545824114841
JN_나주시,696,58,16,42,id,58,0.030609202102601197,0.021745279917834773,0.1646724116905537,-0.01293496983547732,0.07415337404067972,3.1082480275925577,-1.2851672648818024,7.697197237284212,0.06184546124691494
JN_영암군,696,58,16,42,id,58,0.02754562028323299,0.021486852302823125,0.2050410778293523,-0.015481059282057747,0.07057229984852373,2.7928508427298966,-1.5361843671291564,7.312215319515541,0.06111047070599175
JN_해남군,696,58,16,42,id,58,0.025066605039985992,0.020884248071096286,0.23500167771263553,-0.016753380365649155,0.06688659044562115,2.538341395334765,-1.661382292860241,6.917421672715443,0.059396612029473966
