,2000,2001,2002,2003,2004,2005,2006,2007,2009,2010,2011
2000,0.0005371872890261173,0.0005439399262135782,0.00048079934081200407,0.00032878331566831524,0.00027295134366268247,0.00018325163129786825,0.00010640281744366197,8.677431699043841e-05,1.992921584652503e-05,-6.4157285169342536e-06,-4.856847068029645e-05
2001,0.0005439399262135779,0.0005613118608799057,0.0004933472448300876,0.0003440980750349364,0.0002919772366745732,0.00019872916385491732,0.00010694921113630711,8.686939196440327e-05,1.4665091210180428e-05,-2.7401837678181344e-05,-7.07267092246021e-05
2002,0.0004807993408120039,0.000493347244830088,0.0004548514299778301,0.0003204882203404847,0.00028294811614554456,0.00019747976952482743,0.00010610539056697086,8.676928505630915e-05,1.6705413886323384e-05,2.3193931410037394e-05,-1.2551333959164971e-05
2003,0.00032878331566831486,0.00034409807503493626,0.00032048822034048426,0.0002969327299143062,0.0002611355239839339,0.00018648779276386336,0.00010172423865729964,7.527106682927438e-05,-9.111634498552736e-06,-6.787407564663783e-05,-9.421556448105625e-05
2004,0.0002729513436626821,0.00029197723667457275,0.00028294811614554385,0.00026113552398393395,0.000259787018870853,0.0001988074066108078,9.970852118341397e-05,7.565093262353265e-05,-1.251833801010402e-05,-1.8187930909585905e-05,-2.923375659502381e-05
2005,0.00018325163129786758,0.00019872916385491713,0.00019747976952482697,0.00018648779276386312,0.00019880740661080753,0.00018208164734924746,8.273617220382191e-05,6.245956021685733e-05,-1.0748761096500571e-05,5.864796557783393e-06,9.972381866995075e-07
2006,0.00010640281744366121,0.00010694921113630642,0.00010610539056697015,0.00010172423865729921,9.970852118341369e-05,8.273617220382177e-05,8.718410169269021e-05,6.399421941937857e-05,-5.621706579026195e-06,6.560755572982015e-06,5.966023384964812e-06
2007,8.677431699043769e-05,8.686939196440254e-05,8.67692850563085e-05,7.527106682927382e-05,7.565093262353228e-05,6.245956021685726e-05,6.399421941937857e-05,5.5662131734582644e-05,-4.696516761822111e-06,3.3381479591829298e-06,5.68023308451439e-06
2009,1.9929215846524653e-05,1.4665091210179779e-05,1.6705413886323018e-05,-9.111634498553265e-06,-1.2518338010104162e-05,-1.0748761096500708e-05,-5.621706579026186e-06,-4.696516761822122e-06,3.406224422488907e-05,4.4883511187023026e-05,3.616604959432936e-05
2010,-6.415728516934742e-06,-2.7401837678182513e-05,2.3193931410036554e-05,-6.787407564663862e-05,-1.8187930909586565e-05,5.864796557782692e-06,6.560755572980996e-06,3.3381479591819917e-06,4.4883511187021935e-05,0.0004859895043692278,0.0004903807879443954
2011,-4.856847068029754e-05,-7.072670922460376e-05,-1.2551333959165735e-05,-9.421556448105706e-05,-2.9233756595024746e-05,9.972381866987632e-07,5.96602338496377e-06,5.680233084513605e-06,3.6166049594328e-05,0.0004903807879443955,0.0005397382122389512
