id,province,name,year,area,cohort,source_row,log_area,treated
CB_음성군,CB,음성군,2000,7386.0,2012,243,8.90734159541251,0
CB_음성군,CB,음성군,2001,7362.0,2012,243,8.904086913938967,0
CB_음성군,CB,음성군,2002,7311.0,2012,243,8.897135342293316,0
CB_음성군,CB,음성군,2003,7104.0,2012,243,8.868413284672005,0
CB_음성군,CB,음성군,2004,6982.0,2012,243,8.851090687664982,0
CB_음성군,CB,음성군,2005,6498.0,2012,243,8.779249716229046,0
CB_음성군,CB,음성군,2006,6251.0,2012,243,8.740496729931813,0
CB_음성군,CB,음성군,2007,6172.0,2012,243,8.72777821348305,0
CB_음성군,CB,음성군,2008,5987.0,2012,243,8.697345730925353,0
CB_음성군,CB,음성군,2009,5802.0,2012,243,8.665957964681349,0
CB_음성군,CB,음성군,2010,5813.0,2012,243,8.66785206770135,0
CB_음성군,CB,음성군,2011,5481.0,2012,243,8.609042845046117,0
CB_진천군,CB,진천군,2000,6548.0,2009,239,8.786914938491025,1
CB_진천군,CB,진천군,2001,6576.0,2009,239,8.791181936736017,1
CB_진천군,CB,진천군,2002,6513.0,2009,239,8.781555458546402,1
CB_진천군,CB,진천군,2003,6262.0,2009,239,8.742254901886351,1
CB_진천군,CB,진천군,2004,6290.0,2009,239,8.746716349694486,1
CB_진천군,CB,진천군,2005,6075.0,2009,239,8.711937268208748,1
CB_진천군,CB,진천군,2006,5878.0,2009,239,8.678971846978863,1
CB_진천군,CB,진천군,2007,5788.0,2009,239,8.663542087751374,1
CB_진천군,CB,진천군,2008,5380.0,2009,239,8.59044365315583,1
CB_진천군,CB,진천군,2009,5347.0,2009,239,8.584290934948731,1
CB_진천군,CB,진천군,2010,5268.0,2009,239,8.569406062863171,1
CB_진천군,CB,진천군,2011,5139.0,2009,239,8.54461378699223,1
CB_청원군,CB,청원군,2000,11886.0,2009,231,9.383116515926606,1
CB_청원군,CB,청원군,2001,11968.0,2009,231,9.389991700214258,1
CB_청원군,CB,청원군,2002,11629.0,2009,231,9.361257257293044,1
CB_청원군,CB,청원군,2003,11471.0,2009,231,9.347577390281268,1
CB_청원군,CB,청원군,2004,10953.0,2009,231,9.301368670323747,1
CB_청원군,CB,청원군,2005,10845.0,2009,231,9.291459423260974,1
CB_청원군,CB,청원군,2006,11177.0,2009,231,9.321613374385612,1
CB_청원군,CB,청원군,2007,10903.0,2009,231,9.296793259706382,1
CB_청원군,CB,청원군,2008,10741.0,2009,231,9.281823473598047,1
CB_청원군,CB,청원군,2009,10609.0,2009,231,9.269457976459272,1
CB_청원군,CB,청원군,2010,10384.0,2009,231,9.248021438943871,1
CB_청원군,CB,청원군,2011,9838.0,2009,231,9.194007717355285,1
CB_충주시,CB,충주시,2000,7912.0,2012,225,8.976135873302548,0
CB_충주시,CB,충주시,2001,7965.0,2012,225,8.98281222234415,0
CB_충주시,CB,충주시,2002,7826.0,2012,225,8.965206802770357,0
CB_충주시,CB,충주시,2003,7615.0,2012,225,8.937875265329263,0
CB_충주시,CB,충주시,2004,7249.0,2012,225,8.888618807300878,0
CB_충주시,CB,충주시,2005,7278.0,2012,225,8.892611378172106,0
CB_충주시,CB,충주시,2006,6447.0,2012,225,8.77137018531062,0
CB_충주시,CB,충주시,2007,6337.0,2012,225,8.754160749323518,0
CB_충주시,CB,충주시,2008,6164.0,2012,225,8.726481196440007,0
CB_충주시,CB,충주시,2009,5841.0,2012,225,8.67265729404031,0
CB_충주시,CB,충주시,2010,5671.0,2012,225,8.643120748014027,0
CB_충주시,CB,충주시,2011,5468.0,2012,225,8.60666819784384,0
CN_공주시,CN,공주시,2000,10677.0,2012,259,9.275847174178303,0
CN_공주시,CN,공주시,2001,10763.0,2012,259,9.283869605264298,0
CN_공주시,CN,공주시,2002,10488.0,2012,259,9.257987025443535,0
CN_공주시,CN,공주시,2003,10095.0,2012,259,9.219795530746937,0
CN_공주시,CN,공주시,2004,9795.0,2012,259,9.189627330378642,0
CN_공주시,CN,공주시,2005,9679.0,2012,259,9.17771386914909,0
CN_공주시,CN,공주시,2006,9302.0,2012,259,9.137984709784043,0
CN_공주시,CN,공주시,2007,9198.0,2012,259,9.12674134809987,0
CN_공주시,CN,공주시,2008,9094.0,2012,259,9.115370134384955,0
CN_공주시,CN,공주시,2009,9369.0,2012,259,9.145161645951188,0
CN_공주시,CN,공주시,2010,8897.0,2012,259,9.093469420244768,0
CN_공주시,CN,공주시,2011,8440.0,2012,259,9.040737587590003,0
CN_당진군,CN,당진군,2000,21760.0,2009,289,9.987828700969878,1
CN_당진군,CN,당진군,2001,22255.0,2009,289,10.010321981449955,1
CN_당진군,CN,당진군,2002,22173.0,2009,289,10.006630611452996,1
CN_당진군,CN,당진군,2003,21808.0,2009,289,9.990032153936314,1
CN_당진군,CN,당진군,2004,22178.0,2009,289,10.006856085513162,1
CN_당진군,CN,당진군,2005,22209.0,2009,289,10.008252891111209,1
CN_당진군,CN,당진군,2006,21428.0,2009,289,9.972453757000851,1
CN_당진군,CN,당진군,2007,21363.0,2009,289,9.969415732650235,1
CN_당진군,CN,당진군,2008,21830.0,2009,289,9.99104044954399,1
CN_당진군,CN,당진군,2009,21294.0,2009,289,9.966180621874551,1
CN_당진군,CN,당진군,2010,20883.0,2009,289,9.946690709836776,1
CN_당진군,CN,당진군,2011,20537.0,2009,289,9.929983416340093,1
CN_보령시,CN,보령시,2000,9934.0,2012,261,9.203718495667296,0
CN_보령시,CN,보령시,2001,9934.0,2012,261,9.203718495667296,0
CN_보령시,CN,보령시,2002,9805.0,2012,261,9.190647738630446,0
CN_보령시,CN,보령시,2003,9648.0,2012,261,9.174505918966966,0
CN_보령시,CN,보령시,2004,9641.0,2012,261,9.17378011666438,0
CN_보령시,CN,보령시,2005,9741.0,2012,261,9.184099060770956,0
CN_보령시,CN,보령시,2006,9724.0,2012,261,9.182352335436015,0
CN_보령시,CN,보령시,2007,9726.0,2012,261,9.182557990963732,0
CN_보령시,CN,보령시,2008,9735.0,2012,261,9.1834829178063,0
CN_보령시,CN,보령시,2009,9627.0,2012,261,9.172326929777967,0
CN_보령시,CN,보령시,2010,9609.0,2012,261,9.170455438277267,0
CN_보령시,CN,보령시,2011,9335.0,2012,261,9.141526055975824,0
CN_부여군,CN,부여군,2000,13681.0,2012,277,9.523763287920113,0
CN_부여군,CN,부여군,2001,13661.0,2012,277,9.522300336887486,0
CN_부여군,CN,부여군,2002,13317.0,2012,277,9.496796693502144,0
CN_부여군,CN,부여군,2003,13147.0,2012,277,9.483948874696605,0
CN_부여군,CN,부여군,2004,12679.0,2012,277,9.447702360527948,0
CN_부여군,CN,부여군,2005,12472.0,2012,277,9.431241410737613,0
CN_부여군,CN,부여군,2006,12312.0,2012,277,9.418329675518715,0
CN_부여군,CN,부여군,2007,12415.0,2012,277,9.426660697942268,0
CN_부여군,CN,부여군,2008,11936.0,2012,277,9.387314322443542,0
CN_부여군,CN,부여군,2009,11774.0,2012,277,9.373648989588206,0
CN_부여군,CN,부여군,2010,10471.0,2012,277,9.256364810287462,0
CN_부여군,CN,부여군,2011,9901.0,2012,277,9.200391041122515,0
CN_서산시,CN,서산시,2000,21230.0,2009,265,9.963170554697301,1
CN_서산시,CN,서산시,2001,21312.0,2009,265,9.967025573340116,1
CN_서산시,CN,서산시,2002,21023.0,2009,265,9.953372355465126,1
CN_서산시,CN,서산시,2003,21011.0,2009,265,9.95280138908905,1
CN_서산시,CN,서산시,2004,20954.0,2009,265,9.950084837912911,1
CN_서산시,CN,서산시,2005,20936.0,2009,265,9.949225444209981,1
CN_서산시,CN,서산시,2006,21203.0,2009,265,9.96189796008255,1
CN_서산시,CN,서산시,2007,20995.0,2009,265,9.952039593118293,1
CN_서산시,CN,서산시,2008,20834.0,2009,265,9.944341546544393,1
CN_서산시,CN,서산시,2009,21012.0,2009,265,9.952848982073853,1
CN_서산시,CN,서산시,2010,20899.0,2009,265,9.947456589918252,1
CN_서산시,CN,서산시,2011,20544.0,2009,265,9.930324206489688,1
CN_서천군,CN,서천군,2000,11068.0,2012,279,9.311813340906816,0
CN_서천군,CN,서천군,2001,11030.0,2012,279,9.308374112247549,0
CN_서천군,CN,서천군,2002,10979.0,2012,279,9.303739636234733,0
CN_서천군,CN,서천군,2003,10852.0,2012,279,9.292104673778823,0
CN_서천군,CN,서천군,2004,10776.0,2012,279,9.2850767180902,0
CN_서천군,CN,서천군,2005,10683.0,2012,279,9.276408971945887,0
CN_서천군,CN,서천군,2006,10717.0,2012,279,9.279586544712997,0
CN_서천군,CN,서천군,2007,10625.0,2012,279,9.270964993792617,0
CN_서천군,CN,서천군,2008,10761.0,2012,279,9.283683766200392,0
CN_서천군,CN,서천군,2009,10676.0,2012,279,9.275753510524416,0
CN_서천군,CN,서천군,2010,10669.0,2012,279,9.275097619191461,0
CN_서천군,CN,서천군,2011,10515.0,2012,279,9.2605580881368,0
CN_천안시,CN,천안시,2000,9384.0,2012,257,9.146761390333312,0
CN_천안시,CN,천안시,2001,9446.0,2012,257,9.153346650456063,0
CN_천안시,CN,천안시,2002,9130.0,2012,257,9.119320973589014,0
CN_천안시,CN,천안시,2003,9002.0,2012,257,9.105202053852878,0
CN_천안시,CN,천안시,2004,8773.0,2012,257,9.079434102128383,0
CN_천안시,CN,천안시,2005,8790.0,2012,257,9.081369990679223,0
CN_천안시,CN,천안시,2006,8022.0,2012,257,8.989943046329998,0
CN_천안시,CN,천안시,2007,8013.0,2012,257,8.98882050177807,0
CN_천안시,CN,천안시,2008,7932.0,2012,257,8.978660489639687,0
CN_천안시,CN,천안시,2009,7856.0,2012,257,8.969032850034301,0
CN_천안시,CN,천안시,2010,7179.0,2012,257,8.878915376576483,0
CN_천안시,CN,천안시,2011,6816.0,2012,257,8.827028068509152,0
CN_청양군,CN,청양군,2000,7049.0,2012,281,8.860641041773876,0
CN_청양군,CN,청양군,2001,7058.0,2012,281,8.861917004235215,0
CN_청양군,CN,청양군,2002,6803.0,2012,281,8.825118970345061,0
CN_청양군,CN,청양군,2003,6614.0,2012,281,8.796943893541737,0
CN_청양군,CN,청양군,2004,6602.0,2012,281,8.795127912413138,0
CN_청양군,CN,청양군,2005,6575.0,2012,281,8.791029857045965,0
CN_청양군,CN,청양군,2006,6596.0,2012,281,8.794218683679489,0
CN_청양군,CN,청양군,2007,6640.0,2012,281,8.80086724247048,0
CN_청양군,CN,청양군,2008,6665.0,2012,281,8.804625232612809,0
CN_청양군,CN,청양군,2009,6540.0,2012,281,8.785692444451245,0
CN_청양군,CN,청양군,2010,6018.0,2012,281,8.70251025718999,0
CN_청양군,CN,청양군,2011,5938.0,2012,281,8.689127655323706,0
CN_태안군,CN,태안군,2000,10502.0,2012,287,9.259320994197804,0
CN_태안군,CN,태안군,2001,10385.0,2012,287,9.248117736310213,0
CN_태안군,CN,태안군,2002,10301.0,2012,287,9.239996256883693,0
CN_태안군,CN,태안군,2003,10159.0,2012,287,9.226115291091546,0
CN_태안군,CN,태안군,2004,10209.0,2012,287,9.231024963169016,0
CN_태안군,CN,태안군,2005,10119.0,2012,287,9.222170123729759,0
CN_태안군,CN,태안군,2006,10189.0,2012,287,9.229063985974285,0
CN_태안군,CN,태안군,2007,10278.0,2012,287,9.237760967552175,0
CN_태안군,CN,태안군,2008,10270.0,2012,287,9.236982302922604,0
CN_태안군,CN,태안군,2009,10081.0,2012,287,9.218407743053941,0
CN_태안군,CN,태안군,2010,9851.0,2012,287,9.19532825185568,0
CN_태안군,CN,태안군,2011,9899.0,2012,287,9.200189020919808,0
CN_홍성군,CN,홍성군,2000,10597.0,2012,283,9.268326221174837,0
CN_홍성군,CN,홍성군,2001,10562.0,2012,283,9.26501793326688,0
CN_홍성군,CN,홍성군,2002,10431.0,2012,283,9.25253742067597,0
CN_홍성군,CN,홍성군,2003,10187.0,2012,283,9.228867676590067,0
CN_홍성군,CN,홍성군,2004,10051.0,2012,283,9.21542741102474,0
CN_홍성군,CN,홍성군,2005,9976.0,2012,283,9.207937487359873,0
CN_홍성군,CN,홍성군,2006,10205.0,2012,283,9.230633075243945,0
CN_홍성군,CN,홍성군,2007,10122.0,2012,283,9.222466551774023,0
CN_홍성군,CN,홍성군,2008,10200.0,2012,283,9.230142999272362,0
CN_홍성군,CN,홍성군,2009,9868.0,2012,283,9.197052477649247,0
CN_홍성군,CN,홍성군,2010,9955.0,2012,283,9.205830216498297,0
CN_홍성군,CN,홍성군,2011,9909.0,2012,283,9.201198714058899,0
GB_구미시,GB,구미시,2000,8789.0,2009,359,9.081256218564645,1
GB_구미시,GB,구미시,2001,8997.0,2009,359,9.104646467417119,1
GB_구미시,GB,구미시,2002,8643.0,2009,359,9.064505023752638,1
GB_구미시,GB,구미시,2003,8562.0,2009,359,9.055089086704891,1
GB_구미시,GB,구미시,2004,8384.0,2009,359,9.034080406560824,1
GB_구미시,GB,구미시,2005,8373.0,2009,359,9.032767522204432,1
GB_구미시,GB,구미시,2006,7997.0,2009,359,8.98682175033189,1
GB_구미시,GB,구미시,2007,7972.0,2009,359,8.983690681332686,1
GB_구미시,GB,구미시,2008,7877.0,2009,359,8.971702399703325,1
GB_구미시,GB,구미시,2009,7800.0,2009,359,8.961879012677683,1
GB_구미시,GB,구미시,2010,5851.0,2009,359,8.674367865788236,1
GB_구미시,GB,구미시,2011,5656.0,2009,359,8.640472207576408,1
GB_김천시,GB,김천시,2000,6735.0,2012,355,8.815073088844464,0
GB_김천시,GB,김천시,2001,6821.0,2012,355,8.82776136765472,0
GB_김천시,GB,김천시,2002,6646.0,2012,355,8.801770448914539,0
GB_김천시,GB,김천시,2003,6273.0,2012,355,8.744009988096744,0
GB_김천시,GB,김천시,2004,6152.0,2012,355,8.72453251118548,0
GB_김천시,GB,김천시,2005,5995.0,2012,355,8.698681067461614,0
GB_김천시,GB,김천시,2006,6030.0,2012,355,8.704502289721232,0
GB_김천시,GB,김천시,2007,5973.0,2012,355,8.695004592732307,0
GB_김천시,GB,김천시,2008,5759.0,2012,355,8.658519127506672,0
GB_김천시,GB,김천시,2009,5658.0,2012,355,8.640825751861513,0
GB_김천시,GB,김천시,2010,5430.0,2012,355,8.599694412927981,0
GB_김천시,GB,김천시,2011,5105.0,2012,355,8.537975730598767,0
GB_상주시,GB,상주시,2000,16882.0,2009,365,9.734003244543665,1
GB_상주시,GB,상주시,2001,17093.0,2009,365,9.746424301956267,1
GB_상주시,GB,상주시,2002,16913.0,2009,365,9.735837835974042,1
GB_상주시,GB,상주시,2003,16341.0,2009,365,9.701432566051784,1
GB_상주시,GB,상주시,2004,16101.0,2009,365,9.686636660844938,1
GB_상주시,GB,상주시,2005,15627.0,2009,365,9.656755466413301,1
GB_상주시,GB,상주시,2006,15070.0,2009,365,9.620461291620542,1
GB_상주시,GB,상주시,2007,14945.0,2009,365,9.612132074718039,1
GB_상주시,GB,상주시,2008,14670.0,2009,365,9.593559871137028,1
GB_상주시,GB,상주시,2009,14257.0,2009,365,9.56500329315396,1
GB_상주시,GB,상주시,2010,13887.0,2009,365,9.53870842969938,1
GB_상주시,GB,상주시,2011,13359.0,2009,365,9.499945593989812,1
GB_안동시,GB,안동시,2000,7402.0,2012,357,8.909505512946101,0
GB_안동시,GB,안동시,2001,7557.0,2012,357,8.93022956502072,0
GB_안동시,GB,안동시,2002,7501.0,2012,357,8.922791623969637,0
GB_안동시,GB,안동시,2003,7184.0,2012,357,8.879611609982035,0
GB_안동시,GB,안동시,2004,7112.0,2012,357,8.86953877719374,0
GB_안동시,GB,안동시,2005,6718.0,2012,357,8.812545770172237,0
GB_안동시,GB,안동시,2006,6811.0,2012,357,8.826294231241318,0
GB_안동시,GB,안동시,2007,6799.0,2012,357,8.82453082152646,0
GB_안동시,GB,안동시,2008,6909.0,2012,357,8.840580188488795,0
GB_안동시,GB,안동시,2009,7020.0,2012,357,8.856518497019858,0
GB_안동시,GB,안동시,2010,6444.0,2012,357,8.770904744296866,0
GB_안동시,GB,안동시,2011,5761.0,2012,357,8.658866349732383,0
GB_예천군,GB,예천군,2000,10820.0,2012,389,9.289151552400472,0
GB_예천군,GB,예천군,2001,10904.0,2012,389,9.296884973376368,0
GB_예천군,GB,예천군,2002,10823.0,2012,389,9.289428778295147,0
GB_예천군,GB,예천군,2003,10536.0,2012,389,9.262553243423117,0
GB_예천군,GB,예천군,2004,10534.0,2012,389,9.262363400043334,0
GB_예천군,GB,예천군,2005,9976.0,2012,389,9.207937487359873,0
GB_예천군,GB,예천군,2006,9805.0,2012,389,9.190647738630446,0
GB_예천군,GB,예천군,2007,9862.0,2012,389,9.196444266784072,0
GB_예천군,GB,예천군,2008,9893.0,2012,389,9.199582715323222,0
GB_예천군,GB,예천군,2009,9663.0,2012,389,9.176059437999308,0
GB_예천군,GB,예천군,2010,9275.0,2012,389,9.135077887475635,0
GB_예천군,GB,예천군,2011,8566.0,2012,389,9.055556158175316,0
GB_포항시,GB,포항시,2000,9443.0,2012,351,9.15302900526307,0
GB_포항시,GB,포항시,2001,9549.0,2012,351,9.164191715950203,0
GB_포항시,GB,포항시,2002,9500.0,2012,351,9.159047077588632,0
GB_포항시,GB,포항시,2003,9274.0,2012,351,9.134970064951407,0
GB_포항시,GB,포항시,2004,9141.0,2012,351,9.12052506765382,0
GB_포항시,GB,포항시,2005,9005.0,2012,351,9.105535257610056,0
GB_포항시,GB,포항시,2006,8477.0,2012,351,9.045111892608405,0
GB_포항시,GB,포항시,2007,8786.0,2012,351,9.080914824535725,0
GB_포항시,GB,포항시,2008,8457.0,2012,351,9.042749779782222,0
GB_포항시,GB,포항시,2009,8343.0,2012,351,9.029178142902074,0
GB_포항시,GB,포항시,2010,8317.0,2012,351,9.026056891868688,0
GB_포항시,GB,포항시,2011,8031.0,2012,351,8.991064332188461,0
GG_김포시,GG,김포시,2000,8004.0,2012,131,8.987696695703624,0
GG_김포시,GG,김포시,2001,7993.0,2012,131,8.98632143762602,0
GG_김포시,GG,김포시,2002,7839.0,2012,131,8.966866554188723,0
GG_김포시,GG,김포시,2003,7637.0,2012,131,8.940760134888384,0
GG_김포시,GG,김포시,2004,7417.0,2012,131,8.911529941736559,0
GG_김포시,GG,김포시,2005,7396.0,2012,131,8.908694592507015,0
GG_김포시,GG,김포시,2006,7002.0,2012,131,8.85395110151461,0
GG_김포시,GG,김포시,2007,6703.0,2012,131,8.810310466357958,0
GG_김포시,GG,김포시,2008,6225.0,2012,131,8.736328721332908,0
GG_김포시,GG,김포시,2009,6009.0,2012,131,8.701013624333928,0
GG_김포시,GG,김포시,2010,5681.0,2012,131,8.644882552557126,0
GG_김포시,GG,김포시,2011,5297.0,2012,131,8.574895901544526,0
GG_안성시,GG,안성시,2000,10200.0,2012,129,9.230142999272362,0
GG_안성시,GG,안성시,2001,10250.0,2012,129,9.235032984566555,0
GG_안성시,GG,안성시,2002,10089.0,2012,129,9.219201000408379,0
GG_안성시,GG,안성시,2003,9970.0,2012,129,9.207335862955883,0
GG_안성시,GG,안성시,2004,9813.0,2012,129,9.191463316206494,0
GG_안성시,GG,안성시,2005,9449.0,2012,129,9.153664194782626,0
GG_안성시,GG,안성시,2006,9133.0,2012,129,9.11964950669168,0
GG_안성시,GG,안성시,2007,8970.0,2012,129,9.101640955052842,0
GG_안성시,GG,안성시,2008,9056.0,2012,129,9.111182800442965,0
GG_안성시,GG,안성시,2009,9067.0,2012,129,9.112396727646056,0
GG_안성시,GG,안성시,2010,9015.0,2012,129,9.106645135637418,0
GG_안성시,GG,안성시,2011,8424.0,2012,129,9.03884005381381,0
GG_여주시,GG,여주시,2000,10165.0,2012,141,9.226705726062447,0
GG_여주시,GG,여주시,2001,10011.0,2012,141,9.211439767419483,0
GG_여주시,GG,여주시,2002,9894.0,2012,141,9.199683791787654,0
GG_여주시,GG,여주시,2003,9837.0,2012,141,9.193906065512758,0
GG_여주시,GG,여주시,2004,9531.0,2012,141,9.162304922937626,0
GG_여주시,GG,여주시,2005,9412.0,2012,141,9.149740749847252,0
GG_여주시,GG,여주시,2006,9282.0,2012,141,9.135832319801121,0
GG_여주시,GG,여주시,2007,9217.0,2012,141,9.128804883993665,0
GG_여주시,GG,여주시,2008,8975.0,2012,141,9.10219821335648,0
GG_여주시,GG,여주시,2009,8851.0,2012,141,9.088285725968877,0
GG_여주시,GG,여주시,2010,8102.0,2012,141,8.999866223762636,0
GG_여주시,GG,여주시,2011,8137.0,2012,141,9.004176840696656,0
GG_이천시,GG,이천시,2000,10404.0,2009,127,9.249945626568541,1
GG_이천시,GG,이천시,2001,10394.0,2009,127,9.248983995568388,1
GG_이천시,GG,이천시,2002,10391.0,2009,127,9.248695325852646,1
GG_이천시,GG,이천시,2003,10161.0,2009,127,9.22631214148588,1
GG_이천시,GG,이천시,2004,10056.0,2009,127,9.215924750270084,1
GG_이천시,GG,이천시,2005,9880.0,2009,127,9.198267790741914,1
GG_이천시,GG,이천시,2006,9843.0,2009,127,9.194515821629212,1
GG_이천시,GG,이천시,2007,9543.0,2009,127,9.163563180417254,1
GG_이천시,GG,이천시,2008,9520.0,2009,127,9.161150127785412,1
GG_이천시,GG,이천시,2009,9558.0,2009,127,9.165133779138104,1
GG_이천시,GG,이천시,2010,9382.0,2009,127,9.146548238888403,1
GG_이천시,GG,이천시,2011,8768.0,2009,127,9.078864009187797,1
GG_파주시,GG,파주시,2000,9830.0,2012,125,9.193194213141211,0
GG_파주시,GG,파주시,2001,9921.0,2012,125,9.202409001649903,0
GG_파주시,GG,파주시,2002,9661.0,2012,125,9.17585244151751,0
GG_파주시,GG,파주시,2003,9490.0,2012,125,9.157993891603974,0
GG_파주시,GG,파주시,2004,8890.0,2012,125,9.09268232850795,0
GG_파주시,GG,파주시,2005,8521.0,2012,125,9.050288983827956,0
GG_파주시,GG,파주시,2006,8024.0,2012,125,8.990192329641772,0
GG_파주시,GG,파주시,2007,7795.0,2012,125,8.961237781491876,0
GG_파주시,GG,파주시,2008,7706.0,2012,125,8.949754525186103,0
GG_파주시,GG,파주시,2009,7436.0,2012,125,8.914088348841334,0
GG_파주시,GG,파주시,2010,7445.0,2012,125,8.915297945118109,0
GG_파주시,GG,파주시,2011,7128.0,2012,125,8.871785969150645,0
GG_평택시,GG,평택시,2000,16970.0,2009,99,9.739202358228273,1
GG_평택시,GG,평택시,2001,17005.0,2009,99,9.741262697441297,1
GG_평택시,GG,평택시,2002,16801.0,2009,99,9.729193687429403,1
GG_평택시,GG,평택시,2003,16490.0,2009,99,9.710509415553645,1
GG_평택시,GG,평택시,2004,16290.0,2009,99,9.69830670159609,1
GG_평택시,GG,평택시,2005,16087.0,2009,99,9.685766771390307,1
GG_평택시,GG,평택시,2006,14504.0,2009,99,9.582179752434687,1
GG_평택시,GG,평택시,2007,14450.0,2009,99,9.578449693540579,1
GG_평택시,GG,평택시,2008,14648.0,2009,99,9.592059086354347,1
GG_평택시,GG,평택시,2009,14643.0,2009,99,9.591717684555258,1
GG_평택시,GG,평택시,2010,14362.0,2009,99,9.572341108670264,1
GG_평택시,GG,평택시,2011,13689.0,2009,99,9.524347869595513,1
GN_거창군,GN,거창군,2000,6346.0,2012,463,8.75557997214314,0
GN_거창군,GN,거창군,2001,6424.0,2012,463,8.767796255626598,0
GN_거창군,GN,거창군,2002,6318.0,2012,463,8.75115798136203,0
GN_거창군,GN,거창군,2003,5852.0,2012,463,8.674538762140015,0
GN_거창군,GN,거창군,2004,5890.0,2012,463,8.681011276645632,0
GN_거창군,GN,거창군,2005,5736.0,2012,463,8.654517382279456,0
GN_거창군,GN,거창군,2006,5692.0,2012,463,8.646816959209742,0
GN_거창군,GN,거창군,2007,5707.0,2012,463,8.649448770536708,0
GN_거창군,GN,거창군,2008,5681.0,2012,463,8.644882552557126,0
GN_거창군,GN,거창군,2009,5698.0,2012,463,8.647870515057853,0
GN_거창군,GN,거창군,2010,5540.0,2012,463,8.61974977974133,0
GN_거창군,GN,거창군,2011,5237.0,2012,463,8.563504094279487,0
GN_고성군,GN,고성군,2000,7695.0,2012,453,8.94832604627298,0
GN_고성군,GN,고성군,2001,7645.0,2012,453,8.941807118363164,0
GN_고성군,GN,고성군,2002,7610.0,2012,453,8.937218450855731,0
GN_고성군,GN,고성군,2003,7243.0,2012,453,8.887790764195326,0
GN_고성군,GN,고성군,2004,7114.0,2012,453,8.8698199525084,0
GN_고성군,GN,고성군,2005,7006.0,2012,453,8.854522203757432,0
GN_고성군,GN,고성군,2006,6880.0,2012,453,8.836373930927389,0
GN_고성군,GN,고성군,2007,6878.0,2012,453,8.83608319099221,0
GN_고성군,GN,고성군,2008,6516.0,2012,453,8.782015969721936,0
GN_고성군,GN,고성군,2009,6687.0,2012,453,8.80792062205398,0
GN_고성군,GN,고성군,2010,6483.0,2012,453,8.776938645174996,0
GN_고성군,GN,고성군,2011,6181.0,2012,453,8.729235349659273,0
GN_김해시,GN,김해시,2000,6180.0,2009,437,8.729073550451737,1
GN_김해시,GN,김해시,2001,6069.0,2009,437,8.710949125835855,1
GN_김해시,GN,김해시,2002,5836.0,2009,437,8.671800909642677,1
GN_김해시,GN,김해시,2003,5649.0,2009,437,8.639233817325263,1
GN_김해시,GN,김해시,2004,5269.0,2009,437,8.569595870209286,1
GN_김해시,GN,김해시,2005,5136.0,2009,437,8.544029845369797,1
GN_김해시,GN,김해시,2006,5368.0,2009,437,8.588210678651517,1
GN_김해시,GN,김해시,2007,5343.0,2009,437,8.583542571957771,1
GN_김해시,GN,김해시,2008,5435.0,2009,437,8.60061479955531,1
GN_김해시,GN,김해시,2009,5544.0,2009,437,8.620471540869739,1
GN_김해시,GN,김해시,2010,4672.0,2009,437,8.449342524508063,1
GN_김해시,GN,김해시,2011,4410.0,2009,437,8.391629968440892,1
GN_밀양시,GN,밀양시,2000,7804.0,2009,441,8.962391701743002,1
GN_밀양시,GN,밀양시,2001,7832.0,2009,441,8.965973184210347,1
GN_밀양시,GN,밀양시,2002,7633.0,2009,441,8.94023623179847,1
GN_밀양시,GN,밀양시,2003,7245.0,2009,441,8.888066854754783,1
GN_밀양시,GN,밀양시,2004,6963.0,2009,441,8.848365694942547,1
GN_밀양시,GN,밀양시,2005,6822.0,2009,441,8.82790796297859,1
GN_밀양시,GN,밀양시,2006,6837.0,2009,441,8.830104317913793,1
GN_밀양시,GN,밀양시,2007,6941.0,2009,441,8.845201135339584,1
GN_밀양시,GN,밀양시,2008,6863.0,2009,441,8.833899942908635,1
GN_밀양시,GN,밀양시,2009,6760.0,2009,441,8.81877816903701,1
GN_밀양시,GN,밀양시,2010,6475.0,2009,441,8.775703886567738,1
GN_밀양시,GN,밀양시,2011,6082.0,2009,441,8.71308886823731,1
GN_사천시,GN,사천시,2000,5995.0,2012,433,8.698681067461614,0
GN_사천시,GN,사천시,2001,6025.0,2012,433,8.703672758358856,0
GN_사천시,GN,사천시,2002,5905.0,2012,433,8.683554728631462,0
GN_사천시,GN,사천시,2003,5552.0,2012,433,8.62191350218664,0
GN_사천시,GN,사천시,2004,5471.0,2012,433,8.607216694063826,0
GN_사천시,GN,사천시,2005,5391.0,2012,433,8.592486175451668,0
GN_사천시,GN,사천시,2006,5284.0,2012,433,8.572438665642215,0
GN_사천시,GN,사천시,2007,5390.0,2012,433,8.592300663903043,0
GN_사천시,GN,사천시,2008,5362.0,2012,433,8.587092318795905,0
GN_사천시,GN,사천시,2009,5182.0,2012,433,8.552946361122055,0
GN_사천시,GN,사천시,2010,4848.0,2012,433,8.48632152774915,0
GN_사천시,GN,사천시,2011,4669.0,2012,433,8.448700194970938,0
GN_진주시,GN,진주시,2000,7693.0,2012,425,8.948066103458935,0
GN_진주시,GN,진주시,2001,7535.0,2012,425,8.927314111060596,0
GN_진주시,GN,진주시,2002,7307.0,2012,425,8.896588071791218,0
GN_진주시,GN,진주시,2003,6832.0,2012,425,8.829372735468406,0
GN_진주시,GN,진주시,2004,6766.0,2012,425,8.819665349340653,0
GN_진주시,GN,진주시,2005,6624.0,2012,425,8.798454696065095,0
GN_진주시,GN,진주시,2006,6823.0,2012,425,8.828054536815424,0
GN_진주시,GN,진주시,2007,6628.0,2012,425,8.799058378546453,0
GN_진주시,GN,진주시,2008,6619.0,2012,425,8.797699580118923,0
GN_진주시,GN,진주시,2009,6262.0,2012,425,8.742254901886351,0
GN_진주시,GN,진주시,2010,6113.0,2012,425,8.718172930028725,0
GN_진주시,GN,진주시,2011,5931.0,2012,425,8.687948111838727,0
GN_창녕군,GN,창녕군,2000,7602.0,2012,451,8.936166649549195,0
GN_창녕군,GN,창녕군,2001,7781.0,2012,451,8.95944014361693,0
GN_창녕군,GN,창녕군,2002,7618.0,2012,451,8.938269147038548,0
GN_창녕군,GN,창녕군,2003,7401.0,2012,451,8.909370405197466,0
GN_창녕군,GN,창녕군,2004,7329.0,2012,451,8.89959435992585,0
GN_창녕군,GN,창녕군,2005,7289.0,2012,451,8.894121641382213,0
GN_창녕군,GN,창녕군,2006,6984.0,2012,451,8.851377097519439,0
GN_창녕군,GN,창녕군,2007,7004.0,2012,451,8.854236693405742,0
GN_창녕군,GN,창녕군,2008,7025.0,2012,451,8.857230494201946,0
GN_창녕군,GN,창녕군,2009,6999.0,2012,451,8.85352256068954,0
GN_창녕군,GN,창녕군,2010,6610.0,2012,451,8.796338932845732,0
GN_창녕군,GN,창녕군,2011,6232.0,2012,451,8.737452587550584,0
GN_하동군,GN,하동군,2000,6603.0,2012,457,8.79527937019457,0
GN_하동군,GN,하동군,2001,6485.0,2012,457,8.777247096750544,0
GN_하동군,GN,하동군,2002,6429.0,2012,457,8.768574284141687,0
GN_하동군,GN,하동군,2003,6042.0,2012,457,8.706490361946617,0
GN_하동군,GN,하동군,2004,5888.0,2012,457,8.680671660408713,0
GN_하동군,GN,하동군,2005,5735.0,2012,457,8.65434302956347,0
GN_하동군,GN,하동군,2006,5661.0,2012,457,8.64135583403666,0
GN_하동군,GN,하동군,2007,5769.0,2012,457,8.660254034256889,0
GN_하동군,GN,하동군,2008,5753.0,2012,457,8.657476736863293,0
GN_하동군,GN,하동군,2009,5489.0,2012,457,8.610501368549889,0
GN_하동군,GN,하동군,2010,5390.0,2012,457,8.592300663903043,0
GN_하동군,GN,하동군,2011,5024.0,2012,457,8.521981708148035,0
GN_함안군,GN,함안군,2000,7228.0,2012,449,8.885717651712119,0
GN_함안군,GN,함안군,2001,7228.0,2012,449,8.885717651712119,0
GN_함안군,GN,함안군,2002,7081.0,2012,449,8.865170419651774,0
GN_함안군,GN,함안군,2003,6850.0,2012,449,8.83200393125627,0
GN_함안군,GN,함안군,2004,6678.0,2012,449,8.8065738205036,0
GN_함안군,GN,함안군,2005,6617.0,2012,449,8.797397374012059,0
GN_함안군,GN,함안군,2006,6823.0,2012,449,8.828054536815424,0
GN_함안군,GN,함안군,2007,6881.0,2012,449,8.83651926920248,0
GN_함안군,GN,함안군,2008,6954.0,2012,449,8.847072312567807,0
GN_함안군,GN,함안군,2009,6803.0,2012,449,8.825118970345061,0
GN_함안군,GN,함안군,2010,6479.0,2012,449,8.776321456449958,0
GN_함안군,GN,함안군,2011,6096.0,2012,449,8.715388097366482,0
GN_합천군,GN,합천군,2000,9414.0,2012,465,9.149953221961088,0
GN_합천군,GN,합천군,2001,9480.0,2012,465,9.156939595249067,0
GN_합천군,GN,합천군,2002,9348.0,2012,465,9.142917695658749,0
GN_합천군,GN,합천군,2003,8996.0,2012,465,9.104535313079205,0
GN_합천군,GN,합천군,2004,8895.0,2012,465,9.093244600099936,0
GN_합천군,GN,합천군,2005,8779.0,2012,465,9.080117784926209,0
GN_합천군,GN,합천군,2006,8625.0,2012,465,9.062420241899561,0
GN_합천군,GN,합천군,2007,8644.0,2012,465,9.064620717626777,0
GN_합천군,GN,합천군,2008,8845.0,2012,465,9.087607606593886,0
GN_합천군,GN,합천군,2009,8778.0,2012,465,9.080003870248179,0
GN_합천군,GN,합천군,2010,8219.0,2012,465,9.0142038261485,0
GN_합천군,GN,합천군,2011,7739.0,2012,465,8.95402775927046,0
GW_철원군,GW,철원군,2000,10178.0,2009,203,9.227983807148778,1
GW_철원군,GW,철원군,2001,10063.0,2009,203,9.216620609933333,1
GW_철원군,GW,철원군,2002,10006.0,2009,203,9.21094019204815,1
GW_철원군,GW,철원군,2003,9983.0,2009,203,9.208638925336425,1
GW_철원군,GW,철원군,2004,10080.0,2009,203,9.21830854162536,1
GW_철원군,GW,철원군,2005,10802.0,2009,203,9.287486581152837,1
GW_철원군,GW,철원군,2006,10808.0,2009,203,9.288041879640035,1
GW_철원군,GW,철원군,2007,10764.0,2009,203,9.283962511846797,1
GW_철원군,GW,철원군,2008,10788.0,2009,203,9.28618968425962,1
GW_철원군,GW,철원군,2009,10634.0,2009,203,9.271811694064283,1
GW_철원군,GW,철원군,2010,10659.0,2009,203,9.274159884689137,1
GW_철원군,GW,철원군,2011,10214.0,2009,203,9.23151460720759,1
JB_군산시,JB,군산시,2000,13740.0,2012,309,9.52806656577634,0
JB_군산시,JB,군산시,2001,13657.0,2012,309,9.522007489678424,0
JB_군산시,JB,군산시,2002,13518.0,2012,309,9.511777409660299,0
JB_군산시,JB,군산시,2003,13404.0,2012,309,9.5033084488572,0
JB_군산시,JB,군산시,2004,13197.0,2012,309,9.48774481001683,0
JB_군산시,JB,군산시,2005,13087.0,2012,309,9.479374650055481,0
JB_군산시,JB,군산시,2006,13059.0,2012,309,9.477232830220407,0
JB_군산시,JB,군산시,2007,13133.0,2012,309,9.48288342558516,0
JB_군산시,JB,군산시,2008,13135.0,2012,309,9.48303570211964,0
JB_군산시,JB,군산시,2009,13139.0,2012,309,9.483340185641822,0
JB_군산시,JB,군산시,2010,13113.0,2012,309,9.481359383531425,0
JB_군산시,JB,군산시,2011,12996.0,2012,309,9.472396896788991,0
JB_김제시,JB,김제시,2000,23480.0,2009,319,10.063904273942033,1
JB_김제시,JB,김제시,2001,23399.0,2009,319,10.06044856538989,1
JB_김제시,JB,김제시,2002,23468.0,2009,319,10.06339307004575,1
JB_김제시,JB,김제시,2003,23293.0,2009,319,10.055908165231354,1
JB_김제시,JB,김제시,2004,23257.0,2009,319,10.054361440970256,1
JB_김제시,JB,김제시,2005,23206.0,2009,319,10.05216614490749,1
JB_김제시,JB,김제시,2006,23222.0,2009,319,10.052855384186952,1
JB_김제시,JB,김제시,2007,23362.0,2009,319,10.058866049715641,1
JB_김제시,JB,김제시,2008,23112.0,2009,319,10.048107242146072,1
JB_김제시,JB,김제시,2009,22811.0,2009,319,10.03499815473834,1
JB_김제시,JB,김제시,2010,22421.0,2009,319,10.017753298664472,1
JB_김제시,JB,김제시,2011,21861.0,2009,319,9.992459506338392,1
JB_남원시,JB,남원시,2000,12304.0,2012,317,9.417679691745425,0
JB_남원시,JB,남원시,2001,12208.0,2012,317,9.409846753524238,0
JB_남원시,JB,남원시,2002,12151.0,2012,317,9.405166749908611,0
JB_남원시,JB,남원시,2003,11838.0,2012,317,9.37906997525067,0
JB_남원시,JB,남원시,2004,11732.0,2012,317,9.37007543009734,0
JB_남원시,JB,남원시,2005,11550.0,2012,317,9.35444071594994,0
JB_남원시,JB,남원시,2006,11330.0,2012,317,9.335209354022052,0
JB_남원시,JB,남원시,2007,11310.0,2012,317,9.333442569110167,0
JB_남원시,JB,남원시,2008,11134.0,2012,317,9.317758768743452,0
JB_남원시,JB,남원시,2009,10935.0,2012,317,9.299723933110869,0
JB_남원시,JB,남원시,2010,10821.0,2012,317,9.289243969571649,0
JB_남원시,JB,남원시,2011,10645.0,2012,317,9.27284557732758,0
JB_부안군,JB,부안군,2000,15011.0,2009,335,9.616538544660177,1
JB_부안군,JB,부안군,2001,15041.0,2009,335,9.618535084655214,1
JB_부안군,JB,부안군,2002,14953.0,2009,335,9.612667227583843,1
JB_부안군,JB,부안군,2003,14783.0,2009,335,9.60123315090109,1
JB_부안군,JB,부안군,2004,14717.0,2009,335,9.596758567164112,1
JB_부안군,JB,부안군,2005,14821.0,2009,335,9.603800372956915,1
JB_부안군,JB,부안군,2006,14830.0,2009,335,9.604407435131979,1
JB_부안군,JB,부안군,2007,14766.0,2009,335,9.60008251961911,1
JB_부안군,JB,부안군,2008,14693.0,2009,335,9.595126468875947,1
JB_부안군,JB,부안군,2009,14427.0,2009,335,9.576856729945773,1
JB_부안군,JB,부안군,2010,14268.0,2009,335,9.565774546478782,1
JB_부안군,JB,부안군,2011,13985.0,2009,335,9.54574060563606,1
JB_순창군,JB,순창군,2000,7198.0,2012,331,8.881558488638976,0
JB_순창군,JB,순창군,2001,7154.0,2012,331,8.875426919818963,0
JB_순창군,JB,순창군,2002,6957.0,2012,331,8.847503625923641,0
JB_순창군,JB,순창군,2003,6676.0,2012,331,8.806274284781725,0
JB_순창군,JB,순창군,2004,6609.0,2012,331,8.796187635470453,0
JB_순창군,JB,순창군,2005,6373.0,2012,331,8.759825595314295,0
JB_순창군,JB,순창군,2006,6371.0,2012,331,8.759511722116487,0
JB_순창군,JB,순창군,2007,6322.0,2012,331,8.751790892775563,0
JB_순창군,JB,순창군,2008,6216.0,2012,331,8.734881892047483,0
JB_순창군,JB,순창군,2009,6274.0,2012,331,8.744169388750624,0
JB_순창군,JB,순창군,2010,5950.0,2012,331,8.691146498539675,0
JB_순창군,JB,순창군,2011,5631.0,2012,331,8.636042325254618,0
JB_완주군,JB,완주군,2000,7176.0,2012,321,8.878497403738631,0
JB_완주군,JB,완주군,2001,7189.0,2012,321,8.880307358983872,0
JB_완주군,JB,완주군,2002,6687.0,2012,321,8.80792062205398,0
JB_완주군,JB,완주군,2003,6181.0,2012,321,8.729235349659273,0
JB_완주군,JB,완주군,2004,5915.0,2012,321,8.685246776412487,0
JB_완주군,JB,완주군,2005,5722.0,2012,321,8.652073673610056,0
JB_완주군,JB,완주군,2006,5538.0,2012,321,8.619388703730907,0
JB_완주군,JB,완주군,2007,5521.0,2012,321,8.616314282284044,0
JB_완주군,JB,완주군,2008,5407.0,2012,321,8.595449689382004,0
JB_완주군,JB,완주군,2009,5261.0,2012,321,8.568076401730806,0
JB_완주군,JB,완주군,2010,4889.0,2012,321,8.494743062578646,0
JB_완주군,JB,완주군,2011,4675.0,2012,321,8.449984441722787,0
JB_익산시,JB,익산시,2000,20748.0,2009,313,9.940205135471292,1
JB_익산시,JB,익산시,2001,20767.0,2009,313,9.941120467342978,1
JB_익산시,JB,익산시,2002,20552.0,2009,313,9.93071353878972,1
JB_익산시,JB,익산시,2003,20402.0,2009,313,9.923388214242465,1
JB_익산시,JB,익산시,2004,20197.0,2009,313,9.913289357508388,1
JB_익산시,JB,익산시,2005,19765.0,2009,313,9.891667975730785,1
JB_익산시,JB,익산시,2006,19937.0,2009,313,9.900332580842827,1
JB_익산시,JB,익산시,2007,19751.0,2009,313,9.890959401958858,1
JB_익산시,JB,익산시,2008,19827.0,2009,313,9.894799924138562,1
JB_익산시,JB,익산시,2009,19299.0,2009,313,9.86780856007911,1
JB_익산시,JB,익산시,2010,18303.0,2009,313,9.814820259819962,1
JB_익산시,JB,익산시,2011,18133.0,2009,313,9.805488761654026,1
JN_강진군,JN,강진군,2000,10886.0,2012,39,9.295232838994146,0
JN_강진군,JN,강진군,2001,10999.0,2012,39,9.305559638557117,0
JN_강진군,JN,강진군,2002,10879.0,2012,39,9.294589604421082,0
JN_강진군,JN,강진군,2003,10768.0,2012,39,9.284334051884509,0
JN_강진군,JN,강진군,2004,10613.0,2012,39,9.269834943761822,0
JN_강진군,JN,강진군,2005,10550.0,2012,39,9.263881138904212,0
JN_강진군,JN,강진군,2006,10506.0,2012,39,9.259701801513907,0
JN_강진군,JN,강진군,2007,10426.0,2012,39,9.252057965328051,0
JN_강진군,JN,강진군,2008,10349.0,2012,39,9.244645175668174,0
JN_강진군,JN,강진군,2009,10257.0,2012,39,9.235715678307411,0
JN_강진군,JN,강진군,2010,10159.0,2012,39,9.226115291091546,0
JN_강진군,JN,강진군,2011,9922.0,2012,39,9.202509792860994,0
JN_곡성군,JN,곡성군,2000,6083.0,2012,27,8.713253274320705,0
JN_곡성군,JN,곡성군,2001,5973.0,2012,27,8.695004592732307,0
JN_곡성군,JN,곡성군,2002,5905.0,2012,27,8.683554728631462,0
JN_곡성군,JN,곡성군,2003,5839.0,2012,27,8.672314828283538,0
JN_곡성군,JN,곡성군,2004,5718.0,2012,27,8.651374372882257,0
JN_곡성군,JN,곡성군,2005,5434.0,2012,27,8.600430789986293,0
JN_곡성군,JN,곡성군,2006,5324.0,2012,27,8.579980179515003,0
JN_곡성군,JN,곡성군,2007,5399.0,2012,27,8.593969030218288,0
JN_곡성군,JN,곡성군,2008,5438.0,2012,27,8.601166625192416,0
JN_곡성군,JN,곡성군,2009,5452.0,2012,27,8.603737792816423,0
JN_곡성군,JN,곡성군,2010,5286.0,2012,27,8.572817095164234,0
JN_곡성군,JN,곡성군,2011,5034.0,2012,27,8.523970175695261,0
JN_나주시,JN,나주시,2000,15344.0,2009,21,9.63847979712322,1
JN_나주시,JN,나주시,2001,15343.0,2009,21,9.638414622945206,1
JN_나주시,JN,나주시,2002,15341.0,2009,21,9.638284261844774,1
JN_나주시,JN,나주시,2003,14968.0,2009,21,9.613669867953925,1
JN_나주시,JN,나주시,2004,14861.0,2009,21,9.60649561075857,1
JN_나주시,JN,나주시,2005,14845.0,2009,21,9.60541838719786,1
JN_나주시,JN,나주시,2006,14904.0,2009,21,9.609384912281424,1
JN_나주시,JN,나주시,2007,14889.0,2009,21,9.608377964255551,1
JN_나주시,JN,나주시,2008,14786.0,2009,21,9.601436066117046,1
JN_나주시,JN,나주시,2009,14757.0,2009,21,9.59947282546345,1
JN_나주시,JN,나주시,2010,13561.0,2009,21,9.514953305087944,1
JN_나주시,JN,나주시,2011,13142.0,2009,21,9.483568487457813,1
JN_담양군,JN,담양군,2000,8071.0,2012,25,8.996032669324372,0
JN_담양군,JN,담양군,2001,8044.0,2012,25,8.992681750892542,0
JN_담양군,JN,담양군,2002,7942.0,2012,25,8.979920411691197,0
JN_담양군,JN,담양군,2003,7606.0,2012,25,8.936692688488204,0
JN_담양군,JN,담양군,2004,7615.0,2012,25,8.937875265329263,0
JN_담양군,JN,담양군,2005,7572.0,2012,25,8.932212512329214,0
JN_담양군,JN,담양군,2006,7092.0,2012,25,8.866722667194098,0
JN_담양군,JN,담양군,2007,7188.0,2012,25,8.88016824790345,0
JN_담양군,JN,담양군,2008,7184.0,2012,25,8.879611609982035,0
JN_담양군,JN,담양군,2009,6928.0,2012,25,8.843326450242271,0
JN_담양군,JN,담양군,2010,6922.0,2012,25,8.84246002419529,0
JN_담양군,JN,담양군,2011,6421.0,2012,25,8.76732914779405,0
JN_무안군,JN,무안군,2000,10672.0,2012,45,9.275378768155404,0
JN_무안군,JN,무안군,2001,10696.0,2012,45,9.27762511878178,0
JN_무안군,JN,무안군,2002,10606.0,2012,45,9.269175157697076,0
JN_무안군,JN,무안군,2003,10449.0,2012,45,9.254261559034111,0
JN_무안군,JN,무안군,2004,10354.0,2012,45,9.245128197461847,0
JN_무안군,JN,무안군,2005,10143.0,2012,45,9.224539091375995,0
JN_무안군,JN,무안군,2006,9883.0,2012,45,9.198571388376184,0
JN_무안군,JN,무안군,2007,9682.0,2012,45,9.178023770499639,0
JN_무안군,JN,무안군,2008,9378.0,2012,45,9.146121799649531,0
JN_무안군,JN,무안군,2009,9416.0,2012,45,9.150165648940114,0
JN_무안군,JN,무안군,2010,9366.0,2012,45,9.144841389743487,0
JN_무안군,JN,무안군,2011,8882.0,2012,45,9.091782035852047,0
JN_보성군,JN,보성군,2000,10530.0,2012,33,9.261983605128021,0
JN_보성군,JN,보성군,2001,10512.0,2012,33,9.260272740724393,0
JN_보성군,JN,보성군,2002,10440.0,2012,33,9.25339986143663,0
JN_보성군,JN,보성군,2003,10031.0,2012,33,9.213435576883485,0
JN_보성군,JN,보성군,2004,9890.0,2012,33,9.199279424616758,0
JN_보성군,JN,보성군,2005,9726.0,2012,33,9.182557990963732,0
JN_보성군,JN,보성군,2006,9923.0,2012,33,9.202610573914242,0
JN_보성군,JN,보성군,2007,9972.0,2012,33,9.207536444643448,0
JN_보성군,JN,보성군,2008,9697.0,2012,33,9.179571838304547,0
JN_보성군,JN,보성군,2009,9592.0,2012,33,9.16868469670735,0
JN_보성군,JN,보성군,2010,9476.0,2012,33,9.156517565278676,0
JN_보성군,JN,보성군,2011,9087.0,2012,33,9.114600099695346,0
JN_순천시,JN,순천시,2000,8827.0,2012,19,9.085570485020233,0
JN_순천시,JN,순천시,2001,8854.0,2012,19,9.088624613292087,0
JN_순천시,JN,순천시,2002,8290.0,2012,19,9.022805248129341,0
JN_순천시,JN,순천시,2003,7735.0,2012,19,8.953510763007166,0
JN_순천시,JN,순천시,2004,7597.0,2012,19,8.935508711503221,0
JN_순천시,JN,순천시,2005,7227.0,2012,19,8.885579291282982,0
JN_순천시,JN,순천시,2006,7471.0,2012,19,8.918784137975802,0
JN_순천시,JN,순천시,2007,7178.0,2012,19,8.878776071707552,0
JN_순천시,JN,순천시,2008,6134.0,2012,19,8.721602344674197,0
JN_순천시,JN,순천시,2009,5881.0,2012,19,8.679482094459956,0
JN_순천시,JN,순천시,2010,5713.0,2012,19,8.650499558724462,0
JN_순천시,JN,순천시,2011,5215.0,2012,19,8.559294367434873,0
JN_신안군,JN,신안군,2000,10183.0,2012,57,9.228474942171665,0
JN_신안군,JN,신안군,2001,10140.0,2012,57,9.224243277145174,0
JN_신안군,JN,신안군,2002,10243.0,2012,57,9.234349824436535,0
JN_신안군,JN,신안군,2003,10242.0,2012,57,9.234252192022495,0
JN_신안군,JN,신안군,2004,10249.0,2012,57,9.234935418831563,0
JN_신안군,JN,신안군,2005,10115.0,2012,57,9.221774749601845,0
JN_신안군,JN,신안군,2006,10143.0,2012,57,9.224539091375995,0
JN_신안군,JN,신안군,2007,10128.0,2012,57,9.223059144383958,0
JN_신안군,JN,신안군,2008,10041.0,2012,57,9.214431989879436,0
JN_신안군,JN,신안군,2009,9997.0,2012,57,9.210040326967182,0
JN_신안군,JN,신안군,2010,9913.0,2012,57,9.201602306032898,0
JN_신안군,JN,신안군,2011,9703.0,2012,57,9.1801903950253,0
JN_영암군,JN,영암군,2000,16274.0,2009,43,9.697324021256602,1
JN_영암군,JN,영암군,2001,16017.0,2009,43,9.681405937168297,1
JN_영암군,JN,영암군,2002,16747.0,2009,43,9.725974416734479,1
JN_영암군,JN,영암군,2003,16760.0,2009,43,9.726750374036074,1
JN_영암군,JN,영암군,2004,16491.0,2009,43,9.71057005652877,1
JN_영암군,JN,영암군,2005,16584.0,2009,43,9.716193654115616,1
JN_영암군,JN,영암군,2006,16797.0,2009,43,9.728955578017002,1
JN_영암군,JN,영암군,2007,16668.0,2009,43,9.721245992542345,1
JN_영암군,JN,영암군,2008,16255.0,2009,43,9.696155832738006,1
JN_영암군,JN,영암군,2009,16381.0,2009,43,9.703877405604631,1
JN_영암군,JN,영암군,2010,15916.0,2009,43,9.675080171546819,1
JN_영암군,JN,영암군,2011,15485.0,2009,43,9.647627092407303,1
JN_장성군,JN,장성군,2000,7614.0,2012,51,8.937743936942443,0
JN_장성군,JN,장성군,2001,7614.0,2012,51,8.937743936942443,0
JN_장성군,JN,장성군,2002,7579.0,2012,51,8.93313654381203,0
JN_장성군,JN,장성군,2003,7093.0,2012,51,8.866863661202087,0
JN_장성군,JN,장성군,2004,6870.0,2012,51,8.834919385216395,0
JN_장성군,JN,장성군,2005,6534.0,2012,51,8.784774592161016,0
JN_장성군,JN,장성군,2006,6623.0,2012,51,8.798303718484979,0
JN_장성군,JN,장성군,2007,6557.0,2012,51,8.788288460263619,0
JN_장성군,JN,장성군,2008,6032.0,2012,51,8.704833909687792,0
JN_장성군,JN,장성군,2009,5974.0,2012,51,8.695171998776056,0
JN_장성군,JN,장성군,2010,5475.0,2012,51,8.607947554684701,0
JN_장성군,JN,장성군,2011,5363.0,2012,51,8.587278798982926,0
JN_장흥군,JN,장흥군,2000,10395.0,2012,37,9.249080200292113,0
JN_장흥군,JN,장흥군,2001,10346.0,2012,37,9.24435525056346,0
JN_장흥군,JN,장흥군,2002,10041.0,2012,37,9.214431989879436,0
JN_장흥군,JN,장흥군,2003,9876.0,2012,37,9.19786285046507,0
JN_장흥군,JN,장흥군,2004,9750.0,2012,37,9.185022563991893,0
JN_장흥군,JN,장흥군,2005,9678.0,2012,37,9.177610547353265,0
JN_장흥군,JN,장흥군,2006,9642.0,2012,37,9.173883834965567,0
JN_장흥군,JN,장흥군,2007,9467.0,2012,37,9.15556734612889,0
JN_장흥군,JN,장흥군,2008,9443.0,2012,37,9.15302900526307,0
JN_장흥군,JN,장흥군,2009,9259.0,2012,37,9.133351330448047,0
JN_장흥군,JN,장흥군,2010,8892.0,2012,37,9.092907275084087,0
JN_장흥군,JN,장흥군,2011,8929.0,2012,37,9.097059685517216,0
JN_진도군,JN,진도군,2000,6798.0,2012,55,8.824383730256061,0
JN_진도군,JN,진도군,2001,6908.0,2012,55,8.84043543926657,0
JN_진도군,JN,진도군,2002,6906.0,2012,55,8.840145877949938,0
JN_진도군,JN,진도군,2003,6757.0,2012,55,8.818334283552174,0
JN_진도군,JN,진도군,2004,6616.0,2012,55,8.797246236703527,0
JN_진도군,JN,진도군,2005,6761.0,2012,55,8.818926087090677,0
JN_진도군,JN,진도군,2006,6277.0,2012,55,8.744647438317532,0
JN_진도군,JN,진도군,2007,6254.0,2012,55,8.740976538017787,0
JN_진도군,JN,진도군,2008,6429.0,2012,55,8.768574284141687,0
JN_진도군,JN,진도군,2009,6693.0,2012,55,8.808817483100642,0
JN_진도군,JN,진도군,2010,6693.0,2012,55,8.808817483100642,0
JN_진도군,JN,진도군,2011,5720.0,2012,55,8.651724084373843,0
JN_함평군,JN,함평군,2000,9492.0,2012,47,9.158204617555654,0
JN_함평군,JN,함평군,2001,9426.0,2012,47,9.151227107483676,0
JN_함평군,JN,함평군,2002,9166.0,2012,47,9.123256265069069,0
JN_함평군,JN,함평군,2003,8918.0,2012,47,9.095826985187422,0
JN_함평군,JN,함평군,2004,8881.0,2012,47,9.091669442258505,0
JN_함평군,JN,함평군,2005,8660.0,2012,47,9.06647000155648,0
JN_함평군,JN,함평군,2006,8680.0,2012,47,9.068776807654396,0
JN_함평군,JN,함평군,2007,9004.0,2012,47,9.105424202026622,0
JN_함평군,JN,함평군,2008,8943.0,2012,47,9.09862638234618,0
JN_함평군,JN,함평군,2009,8763.0,2012,47,9.07829359105585,0
JN_함평군,JN,함평군,2010,8567.0,2012,47,9.055672891964043,0
JN_함평군,JN,함평군,2011,8170.0,2012,47,9.008224187854049,0
JN_해남군,JN,해남군,2000,24553.0,2009,41,10.108589325349573,1
JN_해남군,JN,해남군,2001,24416.0,2009,41,10.102993934084184,1
JN_해남군,JN,해남군,2002,23991.0,2009,41,10.085434038999999,1
JN_해남군,JN,해남군,2003,20247.0,2009,41,9.915761913411517,1
JN_해남군,JN,해남군,2004,20174.0,2009,41,9.91214992561478,1
JN_해남군,JN,해남군,2005,20255.0,2009,41,9.91615695563679,1
JN_해남군,JN,해남군,2006,19819.0,2009,41,9.894396352524348,1
JN_해남군,JN,해남군,2007,19892.0,2009,41,9.898072919834629,1
JN_해남군,JN,해남군,2008,19698.0,2009,41,9.888272386729648,1
JN_해남군,JN,해남군,2009,20547.0,2009,41,9.930470223866015,1
JN_해남군,JN,해남군,2010,22223.0,2009,41,10.008883067581468,1
JN_해남군,JN,해남군,2011,21561.0,2009,41,9.978641406136552,1
JN_화순군,JN,화순군,2000,7424.0,2012,35,8.912473274466036,0
JN_화순군,JN,화순군,2001,7479.0,2012,35,8.919854372191667,0
JN_화순군,JN,화순군,2002,7347.0,2012,35,8.902047345620277,0
JN_화순군,JN,화순군,2003,7211.0,2012,35,8.88336291691676,0
JN_화순군,JN,화순군,2004,7030.0,2012,35,8.857941984804711,0
JN_화순군,JN,화순군,2005,6868.0,2012,35,8.834628222017367,0
JN_화순군,JN,화순군,2006,6648.0,2012,35,8.802071336535285,0
JN_화순군,JN,화순군,2007,6774.0,2012,35,8.820847033377717,0
JN_화순군,JN,화순군,2008,6541.0,2012,35,8.785845337961213,0
JN_화순군,JN,화순군,2009,6123.0,2012,35,8.719807451477955,0
JN_화순군,JN,화순군,2010,5716.0,2012,35,8.651024539049757,0
JN_화순군,JN,화순군,2011,5478.0,2012,35,8.608495349823023,0
