id,province,name,year,area,cohort,source_row
JN_광주시,JN,광주시,2000,,2012,13
JN_광주시,JN,광주시,2001,,2012,13
JN_광주시,JN,광주시,2002,,2012,13
JN_광주시,JN,광주시,2003,,2012,13
JN_광주시,JN,광주시,2004,,2012,13
JN_광주시,JN,광주시,2005,,2012,13
JN_광주시,JN,광주시,2006,,2012,13
JN_광주시,JN,광주시,2007,,2012,13
JN_광주시,JN,광주시,2008,,2012,13
JN_광주시,JN,광주시,2009,,2012,13
JN_광주시,JN,광주시,2010,,2012,13
JN_광주시,JN,광주시,2011,,2012,13
JN_목포시,JN,목포시,2000,417.0,2012,15
JN_목포시,JN,목포시,2001,380.0,2012,15
JN_목포시,JN,목포시,2002,339.0,2012,15
JN_목포시,JN,목포시,2003,276.0,2012,15
JN_목포시,JN,목포시,2004,233.0,2012,15
JN_목포시,JN,목포시,2005,292.0,2012,15
JN_목포시,JN,목포시,2006,295.0,2012,15
JN_목포시,JN,목포시,2007,255.0,2012,15
JN_목포시,JN,목포시,2008,261.0,2012,15
JN_목포시,JN,목포시,2009,272.0,2012,15
JN_목포시,JN,목포시,2010,217.0,2012,15
JN_목포시,JN,목포시,2011,197.0,2012,15
JN_여수시,JN,여수시,2000,118.0,2012,17
JN_여수시,JN,여수시,2001,3793.0,2012,17
JN_여수시,JN,여수시,2002,3655.0,2012,17
JN_여수시,JN,여수시,2003,3406.0,2012,17
JN_여수시,JN,여수시,2004,3325.0,2012,17
JN_여수시,JN,여수시,2005,3152.0,2012,17
JN_여수시,JN,여수시,2006,3025.0,2012,17
JN_여수시,JN,여수시,2007,2949.0,2012,17
JN_여수시,JN,여수시,2008,2792.0,2012,17
JN_여수시,JN,여수시,2009,2693.0,2012,17
JN_여수시,JN,여수시,2010,2538.0,2012,17
JN_여수시,JN,여수시,2011,2256.0,2012,17
JN_순천시,JN,순천시,2000,8827.0,2012,19
JN_순천시,JN,순천시,2001,8854.0,2012,19
JN_순천시,JN,순천시,2002,8290.0,2012,19
JN_순천시,JN,순천시,2003,7735.0,2012,19
JN_순천시,JN,순천시,2004,7597.0,2012,19
JN_순천시,JN,순천시,2005,7227.0,2012,19
JN_순천시,JN,순천시,2006,7471.0,2012,19
JN_순천시,JN,순천시,2007,7178.0,2012,19
JN_순천시,JN,순천시,2008,6134.0,2012,19
JN_순천시,JN,순천시,2009,5881.0,2012,19
JN_순천시,JN,순천시,2010,5713.0,2012,19
JN_순천시,JN,순천시,2011,5215.0,2012,19
JN_나주시,JN,나주시,2000,15344.0,2009,21
JN_나주시,JN,나주시,2001,15343.0,2009,21
JN_나주시,JN,나주시,2002,15341.0,2009,21
JN_나주시,JN,나주시,2003,14968.0,2009,21
JN_나주시,JN,나주시,2004,14861.0,2009,21
JN_나주시,JN,나주시,2005,14845.0,2009,21
JN_나주시,JN,나주시,2006,14904.0,2009,21
JN_나주시,JN,나주시,2007,14889.0,2009,21
JN_나주시,JN,나주시,2008,14786.0,2009,21
JN_나주시,JN,나주시,2009,14757.0,2009,21
JN_나주시,JN,나주시,2010,13561.0,2009,21
JN_나주시,JN,나주시,2011,13142.0,2009,21
JN_광양시,JN,광양시,2000,4607.0,2012,23
JN_광양시,JN,광양시,2001,4625.0,2012,23
JN_광양시,JN,광양시,2002,4395.0,2012,23
JN_광양시,JN,광양시,2003,3829.0,2012,23
JN_광양시,JN,광양시,2004,3692.0,2012,23
JN_광양시,JN,광양시,2005,3562.0,2012,23
JN_광양시,JN,광양시,2006,3269.0,2012,23
JN_광양시,JN,광양시,2007,2989.0,2012,23
JN_광양시,JN,광양시,2008,2534.0,2012,23
JN_광양시,JN,광양시,2009,2367.0,2012,23
JN_광양시,JN,광양시,2010,2165.0,2012,23
JN_광양시,JN,광양시,2011,1560.0,2012,23
JN_담양군,JN,담양군,2000,8071.0,2012,25
JN_담양군,JN,담양군,2001,8044.0,2012,25
JN_담양군,JN,담양군,2002,7942.0,2012,25
JN_담양군,JN,담양군,2003,7606.0,2012,25
JN_담양군,JN,담양군,2004,7615.0,2012,25
JN_담양군,JN,담양군,2005,7572.0,2012,25
JN_담양군,JN,담양군,2006,7092.0,2012,25
JN_담양군,JN,담양군,2007,7188.0,2012,25
JN_담양군,JN,담양군,2008,7184.0,2012,25
JN_담양군,JN,담양군,2009,6928.0,2012,25
JN_담양군,JN,담양군,2010,6922.0,2012,25
JN_담양군,JN,담양군,2011,6421.0,2012,25
JN_곡성군,JN,곡성군,2000,6083.0,2012,27
JN_곡성군,JN,곡성군,2001,5973.0,2012,27
JN_곡성군,JN,곡성군,2002,5905.0,2012,27
JN_곡성군,JN,곡성군,2003,5839.0,2012,27
JN_곡성군,JN,곡성군,2004,5718.0,2012,27
JN_곡성군,JN,곡성군,2005,5434.0,2012,27
JN_곡성군,JN,곡성군,2006,5324.0,2012,27
JN_곡성군,JN,곡성군,2007,5399.0,2012,27
JN_곡성군,JN,곡성군,2008,5438.0,2012,27
JN_곡성군,JN,곡성군,2009,5452.0,2012,27
JN_곡성군,JN,곡성군,2010,5286.0,2012,27
JN_곡성군,JN,곡성군,2011,5034.0,2012,27
JN_구례군,JN,구례군,2000,3977.0,2012,29
JN_구례군,JN,구례군,2001,4014.0,2012,29
JN_구례군,JN,구례군,2002,3982.0,2012,29
JN_구례군,JN,구례군,2003,3811.0,2012,29
JN_구례군,JN,구례군,2004,3763.0,2012,29
JN_구례군,JN,구례군,2005,3684.0,2012,29
JN_구례군,JN,구례군,2006,3720.0,2012,29
JN_구례군,JN,구례군,2007,3615.0,2012,29
JN_구례군,JN,구례군,2008,3467.0,2012,29
JN_구례군,JN,구례군,2009,3454.0,2012,29
JN_구례군,JN,구례군,2010,3249.0,2012,29
JN_구례군,JN,구례군,2011,3161.0,2012,29
JN_고흥군,JN,고흥군,2000,14033.0,2011,31
JN_고흥군,JN,고흥군,2001,13994.0,2011,31
JN_고흥군,JN,고흥군,2002,13993.0,2011,31
JN_고흥군,JN,고흥군,2003,13769.0,2011,31
JN_고흥군,JN,고흥군,2004,13825.0,2011,31
JN_고흥군,JN,고흥군,2005,14075.0,2011,31
JN_고흥군,JN,고흥군,2006,13775.0,2011,31
JN_고흥군,JN,고흥군,2007,14141.0,2011,31
JN_고흥군,JN,고흥군,2008,14454.0,2011,31
JN_고흥군,JN,고흥군,2009,14477.0,2011,31
JN_고흥군,JN,고흥군,2010,14526.0,2011,31
JN_고흥군,JN,고흥군,2011,14038.0,2011,31
JN_보성군,JN,보성군,2000,10530.0,2012,33
JN_보성군,JN,보성군,2001,10512.0,2012,33
JN_보성군,JN,보성군,2002,10440.0,2012,33
JN_보성군,JN,보성군,2003,10031.0,2012,33
JN_보성군,JN,보성군,2004,9890.0,2012,33
JN_보성군,JN,보성군,2005,9726.0,2012,33
JN_보성군,JN,보성군,2006,9923.0,2012,33
JN_보성군,JN,보성군,2007,9972.0,2012,33
JN_보성군,JN,보성군,2008,9697.0,2012,33
JN_보성군,JN,보성군,2009,9592.0,2012,33
JN_보성군,JN,보성군,2010,9476.0,2012,33
JN_보성군,JN,보성군,2011,9087.0,2012,33
JN_화순군,JN,화순군,2000,7424.0,2012,35
JN_화순군,JN,화순군,2001,7479.0,2012,35
JN_화순군,JN,화순군,2002,7347.0,2012,35
JN_화순군,JN,화순군,2003,7211.0,2012,35
JN_화순군,JN,화순군,2004,7030.0,2012,35
JN_화순군,JN,화순군,2005,6868.0,2012,35
JN_화순군,JN,화순군,2006,6648.0,2012,35
JN_화순군,JN,화순군,2007,6774.0,2012,35
JN_화순군,JN,화순군,2008,6541.0,2012,35
JN_화순군,JN,화순군,2009,6123.0,2012,35
JN_화순군,JN,화순군,2010,5716.0,2012,35
JN_화순군,JN,화순군,2011,5478.0,2012,35
JN_장흥군,JN,장흥군,2000,10395.0,2012,37
JN_장흥군,JN,장흥군,2001,10346.0,2012,37
JN_장흥군,JN,장흥군,2002,10041.0,2012,37
JN_장흥군,JN,장흥군,2003,9876.0,2012,37
JN_장흥군,JN,장흥군,2004,9750.0,2012,37
JN_장흥군,JN,장흥군,2005,9678.0,2012,37
JN_장흥군,JN,장흥군,2006,9642.0,2012,37
JN_장흥군,JN,장흥군,2007,9467.0,2012,37
JN_장흥군,JN,장흥군,2008,9443.0,2012,37
JN_장흥군,JN,장흥군,2009,9259.0,2012,37
JN_장흥군,JN,장흥군,2010,8892.0,2012,37
JN_장흥군,JN,장흥군,2011,8929.0,2012,37
JN_강진군,JN,강진군,2000,10886.0,2012,39
JN_강진군,JN,강진군,2001,10999.0,2012,39
JN_강진군,JN,강진군,2002,10879.0,2012,39
JN_강진군,JN,강진군,2003,10768.0,2012,39
JN_강진군,JN,강진군,2004,10613.0,2012,39
JN_강진군,JN,강진군,2005,10550.0,2012,39
JN_강진군,JN,강진군,2006,10506.0,2012,39
JN_강진군,JN,강진군,2007,10426.0,2012,39
JN_강진군,JN,강진군,2008,10349.0,2012,39
JN_강진군,JN,강진군,2009,10257.0,2012,39
JN_강진군,JN,강진군,2010,10159.0,2012,39
JN_강진군,JN,강진군,2011,9922.0,2012,39
JN_해남군,JN,해남군,2000,24553.0,2009,41
JN_해남군,JN,해남군,2001,24416.0,2009,41
JN_해남군,JN,해남군,2002,23991.0,2009,41
JN_해남군,JN,해남군,2003,20247.0,2009,41
JN_해남군,JN,해남군,2004,20174.0,2009,41
JN_해남군,JN,해남군,2005,20255.0,2009,41
JN_해남군,JN,해남군,2006,19819.0,2009,41
JN_해남군,JN,해남군,2007,19892.0,2009,41
JN_해남군,JN,해남군,2008,19698.0,2009,41
JN_해남군,JN,해남군,2009,20547.0,2009,41
JN_해남군,JN,해남군,2010,22223.0,2009,41
JN_해남군,JN,해남군,2011,21561.0,2009,41
JN_영암군,JN,영암군,2000,16274.0,2009,43
JN_영암군,JN,영암군,2001,16017.0,2009,43
JN_영암군,JN,영암군,2002,16747.0,2009,43
JN_영암군,JN,영암군,2003,16760.0,2009,43
JN_영암군,JN,영암군,2004,16491.0,2009,43
JN_영암군,JN,영암군,2005,16584.0,2009,43
JN_영암군,JN,영암군,2006,16797.0,2009,43
JN_영암군,JN,영암군,2007,16668.0,2009,43
JN_영암군,JN,영암군,2008,16255.0,2009,43
JN_영암군,JN,영암군,2009,16381.0,2009,43
JN_영암군,JN,영암군,2010,15916.0,2009,43
JN_영암군,JN,영암군,2011,15485.0,2009,43
JN_무안군,JN,무안군,2000,10672.0,2012,45
JN_무안군,JN,무안군,2001,10696.0,2012,45
JN_무안군,JN,무안군,2002,10606.0,2012,45
JN_무안군,JN,무안군,2003,10449.0,2012,45
JN_무안군,JN,무안군,2004,10354.0,2012,45
JN_무안군,JN,무안군,2005,10143.0,2012,45
JN_무안군,JN,무안군,2006,9883.0,2012,45
JN_무안군,JN,무안군,2007,9682.0,2012,45
JN_무안군,JN,무안군,2008,9378.0,2012,45
JN_무안군,JN,무안군,2009,9416.0,2012,45
JN_무안군,JN,무안군,2010,9366.0,2012,45
JN_무안군,JN,무안군,2011,8882.0,2012,45
JN_함평군,JN,함평군,2000,9492.0,2012,47
JN_함평군,JN,함평군,2001,9426.0,2012,47
JN_함평군,JN,함평군,2002,9166.0,2012,47
JN_함평군,JN,함평군,2003,8918.0,2012,47
JN_함평군,JN,함평군,2004,8881.0,2012,47
JN_함평군,JN,함평군,2005,8660.0,2012,47
JN_함평군,JN,함평군,2006,8680.0,2012,47
JN_함평군,JN,함평군,2007,9004.0,2012,47
JN_함평군,JN,함평군,2008,8943.0,2012,47
JN_함평군,JN,함평군,2009,8763.0,2012,47
JN_함평군,JN,함평군,2010,8567.0,2012,47
JN_함평군,JN,함평군,2011,8170.0,2012,47
JN_영광군,JN,영광군,2000,11709.0,2011,49
JN_영광군,JN,영광군,2001,11744.0,2011,49
JN_영광군,JN,영광군,2002,11777.0,2011,49
JN_영광군,JN,영광군,2003,11495.0,2011,49
JN_영광군,JN,영광군,2004,11413.0,2011,49
JN_영광군,JN,영광군,2005,11341.0,2011,49
JN_영광군,JN,영광군,2006,11237.0,2011,49
JN_영광군,JN,영광군,2007,11069.0,2011,49
JN_영광군,JN,영광군,2008,11062.0,2011,49
JN_영광군,JN,영광군,2009,11083.0,2011,49
JN_영광군,JN,영광군,2010,10845.0,2011,49
JN_영광군,JN,영광군,2011,10756.0,2011,49
JN_장성군,JN,장성군,2000,7614.0,2012,51
JN_장성군,JN,장성군,2001,7614.0,2012,51
JN_장성군,JN,장성군,2002,7579.0,2012,51
JN_장성군,JN,장성군,2003,7093.0,2012,51
JN_장성군,JN,장성군,2004,6870.0,2012,51
JN_장성군,JN,장성군,2005,6534.0,2012,51
JN_장성군,JN,장성군,2006,6623.0,2012,51
JN_장성군,JN,장성군,2007,6557.0,2012,51
JN_장성군,JN,장성군,2008,6032.0,2012,51
JN_장성군,JN,장성군,2009,5974.0,2012,51
JN_장성군,JN,장성군,2010,5475.0,2012,51
JN_장성군,JN,장성군,2011,5363.0,2012,51
JN_완도군,JN,완도군,2000,3391.0,2012,53
JN_완도군,JN,완도군,2001,3285.0,2012,53
JN_완도군,JN,완도군,2002,3361.0,2012,53
JN_완도군,JN,완도군,2003,3072.0,2012,53
JN_완도군,JN,완도군,2004,2889.0,2012,53
JN_완도군,JN,완도군,2005,3032.0,2012,53
JN_완도군,JN,완도군,2006,2827.0,2012,53
JN_완도군,JN,완도군,2007,2825.0,2012,53
JN_완도군,JN,완도군,2008,2712.0,2012,53
JN_완도군,JN,완도군,2009,2993.0,2012,53
JN_완도군,JN,완도군,2010,2745.0,2012,53
JN_완도군,JN,완도군,2011,2762.0,2012,53
JN_진도군,JN,진도군,2000,6798.0,2012,55
JN_진도군,JN,진도군,2001,6908.0,2012,55
JN_진도군,JN,진도군,2002,6906.0,2012,55
JN_진도군,JN,진도군,2003,6757.0,2012,55
JN_진도군,JN,진도군,2004,6616.0,2012,55
JN_진도군,JN,진도군,2005,6761.0,2012,55
JN_진도군,JN,진도군,2006,6277.0,2012,55
JN_진도군,JN,진도군,2007,6254.0,2012,55
JN_진도군,JN,진도군,2008,6429.0,2012,55
JN_진도군,JN,진도군,2009,6693.0,2012,55
JN_진도군,JN,진도군,2010,6693.0,2012,55
JN_진도군,JN,진도군,2011,5720.0,2012,55
JN_신안군,JN,신안군,2000,10183.0,2012,57
JN_신안군,JN,신안군,2001,10140.0,2012,57
JN_신안군,JN,신안군,2002,10243.0,2012,57
JN_신안군,JN,신안군,2003,10242.0,2012,57
JN_신안군,JN,신안군,2004,10249.0,2012,57
JN_신안군,JN,신안군,2005,10115.0,2012,57
JN_신안군,JN,신안군,2006,10143.0,2012,57
JN_신안군,JN,신안군,2007,10128.0,2012,57
JN_신안군,JN,신안군,2008,10041.0,2012,57
JN_신안군,JN,신안군,2009,9997.0,2012,57
JN_신안군,JN,신안군,2010,9913.0,2012,57
JN_신안군,JN,신안군,2011,9703.0,2012,57
JN_광산군,JN,광산군,2000,,2012,59
JN_광산군,JN,광산군,2001,,2012,59
JN_광산군,JN,광산군,2002,,2012,59
JN_광산군,JN,광산군,2003,,2012,59
JN_광산군,JN,광산군,2004,,2012,59
JN_광산군,JN,광산군,2005,,2012,59
JN_광산군,JN,광산군,2006,,2012,59
JN_광산군,JN,광산군,2007,,2012,59
JN_광산군,JN,광산군,2008,,2012,59
JN_광산군,JN,광산군,2009,,2012,59
JN_광산군,JN,광산군,2010,,2012,59
JN_광산군,JN,광산군,2011,,2012,59
JN_담양군,JN,담양군,2000,,2012,61
JN_담양군,JN,담양군,2001,,2012,61
JN_담양군,JN,담양군,2002,,2012,61
JN_담양군,JN,담양군,2003,,2012,61
JN_담양군,JN,담양군,2004,,2012,61
JN_담양군,JN,담양군,2005,,2012,61
JN_담양군,JN,담양군,2006,,2012,61
JN_담양군,JN,담양군,2007,,2012,61
JN_담양군,JN,담양군,2008,,2012,61
JN_담양군,JN,담양군,2009,,2012,61
JN_담양군,JN,담양군,2010,,2012,61
JN_담양군,JN,담양군,2011,,2012,61
JN_광양군,JN,광양군,2000,,2012,63
JN_광양군,JN,광양군,2001,,2012,63
JN_광양군,JN,광양군,2002,,2012,63
JN_광양군,JN,광양군,2003,,2012,63
JN_광양군,JN,광양군,2004,,2012,63
JN_광양군,JN,광양군,2005,,2012,63
JN_광양군,JN,광양군,2006,,2012,63
JN_광양군,JN,광양군,2007,,2012,63
JN_광양군,JN,광양군,2008,,2012,63
JN_광양군,JN,광양군,2009,,2012,63
JN_광양군,JN,광양군,2010,,2012,63
JN_광양군,JN,광양군,2011,,2012,63
JN_여천군,JN,여천군,2000,,2012,65
JN_여천군,JN,여천군,2001,,2012,65
JN_여천군,JN,여천군,2002,,2012,65
JN_여천군,JN,여천군,2003,,2012,65
JN_여천군,JN,여천군,2004,,2012,65
JN_여천군,JN,여천군,2005,,2012,65
JN_여천군,JN,여천군,2006,,2012,65
JN_여천군,JN,여천군,2007,,2012,65
JN_여천군,JN,여천군,2008,,2012,65
JN_여천군,JN,여천군,2009,,2012,65
JN_여천군,JN,여천군,2010,,2012,65
JN_여천군,JN,여천군,2011,,2012,65
JN_승주군,JN,승주군,2000,,2012,67
JN_승주군,JN,승주군,2001,,2012,67
JN_승주군,JN,승주군,2002,,2012,67
JN_승주군,JN,승주군,2003,,2012,67
JN_승주군,JN,승주군,2004,,2012,67
JN_승주군,JN,승주군,2005,,2012,67
JN_승주군,JN,승주군,2006,,2012,67
JN_승주군,JN,승주군,2007,,2012,67
JN_승주군,JN,승주군,2008,,2012,67
JN_승주군,JN,승주군,2009,,2012,67
JN_승주군,JN,승주군,2010,,2012,67
JN_승주군,JN,승주군,2011,,2012,67
JN_나주군,JN,나주군,2000,,2012,69
JN_나주군,JN,나주군,2001,,2012,69
JN_나주군,JN,나주군,2002,,2012,69
JN_나주군,JN,나주군,2003,,2012,69
JN_나주군,JN,나주군,2004,,2012,69
JN_나주군,JN,나주군,2005,,2012,69
JN_나주군,JN,나주군,2006,,2012,69
JN_나주군,JN,나주군,2007,,2012,69
JN_나주군,JN,나주군,2008,,2012,69
JN_나주군,JN,나주군,2009,,2012,69
JN_나주군,JN,나주군,2010,,2012,69
JN_나주군,JN,나주군,2011,,2012,69
GG_인천시,GG,인천시,2000,,2012,85
GG_인천시,GG,인천시,2001,,2012,85
GG_인천시,GG,인천시,2002,,2012,85
GG_인천시,GG,인천시,2003,,2012,85
GG_인천시,GG,인천시,2004,,2012,85
GG_인천시,GG,인천시,2005,,2012,85
GG_인천시,GG,인천시,2006,,2012,85
GG_인천시,GG,인천시,2007,,2012,85
GG_인천시,GG,인천시,2008,,2012,85
GG_인천시,GG,인천시,2009,,2012,85
GG_인천시,GG,인천시,2010,,2012,85
GG_인천시,GG,인천시,2011,,2012,85
GG_수원시,GG,수원시,2000,1290.0,2012,87
GG_수원시,GG,수원시,2001,1291.0,2012,87
GG_수원시,GG,수원시,2002,1272.0,2012,87
GG_수원시,GG,수원시,2003,1183.0,2012,87
GG_수원시,GG,수원시,2004,1121.0,2012,87
GG_수원시,GG,수원시,2005,1095.0,2012,87
GG_수원시,GG,수원시,2006,1050.0,2012,87
GG_수원시,GG,수원시,2007,878.0,2012,87
GG_수원시,GG,수원시,2008,792.0,2012,87
GG_수원시,GG,수원시,2009,764.0,2012,87
GG_수원시,GG,수원시,2010,689.0,2012,87
GG_수원시,GG,수원시,2011,603.0,2012,87
GG_성남시,GG,성남시,2000,153.0,2012,89
GG_성남시,GG,성남시,2001,160.0,2012,89
GG_성남시,GG,성남시,2002,136.0,2012,89
GG_성남시,GG,성남시,2003,139.0,2012,89
GG_성남시,GG,성남시,2004,118.0,2012,89
GG_성남시,GG,성남시,2005,83.0,2012,89
GG_성남시,GG,성남시,2006,66.0,2012,89
GG_성남시,GG,성남시,2007,84.0,2012,89
GG_성남시,GG,성남시,2008,59.0,2012,89
GG_성남시,GG,성남시,2009,66.0,2012,89
GG_성남시,GG,성남시,2010,60.0,2012,89
GG_성남시,GG,성남시,2011,61.0,2012,89
GG_의정부시,GG,의정부시,2000,388.0,2012,91
GG_의정부시,GG,의정부시,2001,360.0,2012,91
GG_의정부시,GG,의정부시,2002,295.0,2012,91
GG_의정부시,GG,의정부시,2003,323.0,2012,91
GG_의정부시,GG,의정부시,2004,315.0,2012,91
GG_의정부시,GG,의정부시,2005,278.0,2012,91
GG_의정부시,GG,의정부시,2006,259.0,2012,91
GG_의정부시,GG,의정부시,2007,196.0,2012,91
GG_의정부시,GG,의정부시,2008,212.0,2012,91
GG_의정부시,GG,의정부시,2009,149.0,2012,91
GG_의정부시,GG,의정부시,2010,148.0,2012,91
GG_의정부시,GG,의정부시,2011,142.0,2012,91
GG_안양시,GG,안양시,2000,20.0,2012,93
GG_안양시,GG,안양시,2001,19.0,2012,93
GG_안양시,GG,안양시,2002,21.0,2012,93
GG_안양시,GG,안양시,2003,13.0,2012,93
GG_안양시,GG,안양시,2004,12.0,2012,93
GG_안양시,GG,안양시,2005,3.0,2012,93
GG_안양시,GG,안양시,2006,1.0,2012,93
GG_안양시,GG,안양시,2007,1.0,2012,93
GG_안양시,GG,안양시,2008,1.0,2012,93
GG_안양시,GG,안양시,2009,2.0,2012,93
GG_안양시,GG,안양시,2010,,2012,93
GG_안양시,GG,안양시,2011,,2012,93
GG_부천시,GG,부천시,2000,404.0,2012,95
GG_부천시,GG,부천시,2001,389.0,2012,95
GG_부천시,GG,부천시,2002,366.0,2012,95
GG_부천시,GG,부천시,2003,333.0,2012,95
GG_부천시,GG,부천시,2004,329.0,2012,95
GG_부천시,GG,부천시,2005,319.0,2012,95
GG_부천시,GG,부천시,2006,341.0,2012,95
GG_부천시,GG,부천시,2007,341.0,2012,95
GG_부천시,GG,부천시,2008,340.0,2012,95
GG_부천시,GG,부천시,2009,344.0,2012,95
GG_부천시,GG,부천시,2010,321.0,2012,95
GG_부천시,GG,부천시,2011,305.0,2012,95
GG_광명시,GG,광명시,2000,305.0,2012,97
GG_광명시,GG,광명시,2001,298.0,2012,97
GG_광명시,GG,광명시,2002,256.0,2012,97
GG_광명시,GG,광명시,2003,232.0,2012,97
GG_광명시,GG,광명시,2004,229.0,2012,97
GG_광명시,GG,광명시,2005,178.0,2012,97
GG_광명시,GG,광명시,2006,150.0,2012,97
GG_광명시,GG,광명시,2007,136.0,2012,97
GG_광명시,GG,광명시,2008,132.0,2012,97
GG_광명시,GG,광명시,2009,131.0,2012,97
GG_광명시,GG,광명시,2010,127.0,2012,97
GG_광명시,GG,광명시,2011,133.0,2012,97
GG_평택시,GG,평택시,2000,16970.0,2009,99
GG_평택시,GG,평택시,2001,17005.0,2009,99
GG_평택시,GG,평택시,2002,16801.0,2009,99
GG_평택시,GG,평택시,2003,16490.0,2009,99
GG_평택시,GG,평택시,2004,16290.0,2009,99
GG_평택시,GG,평택시,2005,16087.0,2009,99
GG_평택시,GG,평택시,2006,14504.0,2009,99
GG_평택시,GG,평택시,2007,14450.0,2009,99
GG_평택시,GG,평택시,2008,14648.0,2009,99
GG_평택시,GG,평택시,2009,14643.0,2009,99
GG_평택시,GG,평택시,2010,14362.0,2009,99
GG_평택시,GG,평택시,2011,13689.0,2009,99
GG_동두천시,GG,동두천시,2000,210.0,2012,101
GG_동두천시,GG,동두천시,2001,181.0,2012,101
GG_동두천시,GG,동두천시,2002,176.0,2012,101
GG_동두천시,GG,동두천시,2003,171.0,2012,101
GG_동두천시,GG,동두천시,2004,174.0,2012,101
GG_동두천시,GG,동두천시,2005,166.0,2012,101
GG_동두천시,GG,동두천시,2006,117.0,2012,101
GG_동두천시,GG,동두천시,2007,127.0,2012,101
GG_동두천시,GG,동두천시,2008,100.0,2012,101
GG_동두천시,GG,동두천시,2009,121.0,2012,101
GG_동두천시,GG,동두천시,2010,121.0,2012,101
GG_동두천시,GG,동두천시,2011,103.0,2012,101
GG_안산시,GG,안산시,2000,840.0,2012,103
GG_안산시,GG,안산시,2001,884.0,2012,103
GG_안산시,GG,안산시,2002,874.0,2012,103
GG_안산시,GG,안산시,2003,842.0,2012,103
GG_안산시,GG,안산시,2004,805.0,2012,103
GG_안산시,GG,안산시,2005,718.0,2012,103
GG_안산시,GG,안산시,2006,735.0,2012,103
GG_안산시,GG,안산시,2007,718.0,2012,103
GG_안산시,GG,안산시,2008,706.0,2012,103
GG_안산시,GG,안산시,2009,731.0,2012,103
GG_안산시,GG,안산시,2010,801.0,2012,103
GG_안산시,GG,안산시,2011,805.0,2012,103
GG_고양시,GG,고양시,2000,2909.0,2012,105
GG_고양시,GG,고양시,2001,2816.0,2012,105
GG_고양시,GG,고양시,2002,2462.0,2012,105
GG_고양시,GG,고양시,2003,2319.0,2012,105
GG_고양시,GG,고양시,2004,2293.0,2012,105
GG_고양시,GG,고양시,2005,2209.0,2012,105
GG_고양시,GG,고양시,2006,1754.0,2012,105
GG_고양시,GG,고양시,2007,1919.0,2012,105
GG_고양시,GG,고양시,2008,1959.0,2012,105
GG_고양시,GG,고양시,2009,1698.0,2012,105
GG_고양시,GG,고양시,2010,1525.0,2012,105
GG_고양시,GG,고양시,2011,1552.0,2012,105
GG_과천시,GG,과천시,2000,102.0,2012,107
GG_과천시,GG,과천시,2001,92.0,2012,107
GG_과천시,GG,과천시,2002,87.0,2012,107
GG_과천시,GG,과천시,2003,76.0,2012,107
GG_과천시,GG,과천시,2004,71.0,2012,107
GG_과천시,GG,과천시,2005,64.0,2012,107
GG_과천시,GG,과천시,2006,19.0,2012,107
GG_과천시,GG,과천시,2007,22.0,2012,107
GG_과천시,GG,과천시,2008,20.0,2012,107
GG_과천시,GG,과천시,2009,20.0,2012,107
GG_과천시,GG,과천시,2010,20.0,2012,107
GG_과천시,GG,과천시,2011,20.0,2012,107
GG_구리시,GG,구리시,2000,4.0,2012,109
GG_구리시,GG,구리시,2001,4.0,2012,109
GG_구리시,GG,구리시,2002,1.0,2012,109
GG_구리시,GG,구리시,2003,1.0,2012,109
GG_구리시,GG,구리시,2004,1.0,2012,109
GG_구리시,GG,구리시,2005,,2012,109
GG_구리시,GG,구리시,2006,,2012,109
GG_구리시,GG,구리시,2007,,2012,109
GG_구리시,GG,구리시,2008,,2012,109
GG_구리시,GG,구리시,2009,,2012,109
GG_구리시,GG,구리시,2010,,2012,109
GG_구리시,GG,구리시,2011,,2012,109
GG_남양주시,GG,남양주시,2000,1080.0,2012,111
GG_남양주시,GG,남양주시,2001,983.0,2012,111
GG_남양주시,GG,남양주시,2002,946.0,2012,111
GG_남양주시,GG,남양주시,2003,800.0,2012,111
GG_남양주시,GG,남양주시,2004,629.0,2012,111
GG_남양주시,GG,남양주시,2005,610.0,2012,111
GG_남양주시,GG,남양주시,2006,568.0,2012,111
GG_남양주시,GG,남양주시,2007,517.0,2012,111
GG_남양주시,GG,남양주시,2008,504.0,2012,111
GG_남양주시,GG,남양주시,2009,516.0,2012,111
GG_남양주시,GG,남양주시,2010,381.0,2012,111
GG_남양주시,GG,남양주시,2011,378.0,2012,111
GG_오산시,GG,오산시,2000,742.0,2012,113
GG_오산시,GG,오산시,2001,731.0,2012,113
GG_오산시,GG,오산시,2002,696.0,2012,113
GG_오산시,GG,오산시,2003,682.0,2012,113
GG_오산시,GG,오산시,2004,659.0,2012,113
GG_오산시,GG,오산시,2005,577.0,2012,113
GG_오산시,GG,오산시,2006,477.0,2012,113
GG_오산시,GG,오산시,2007,416.0,2012,113
GG_오산시,GG,오산시,2008,424.0,2012,113
GG_오산시,GG,오산시,2009,302.0,2012,113
GG_오산시,GG,오산시,2010,362.0,2012,113
GG_오산시,GG,오산시,2011,363.0,2012,113
GG_시흥시,GG,시흥시,2000,1555.0,2012,115
GG_시흥시,GG,시흥시,2001,1568.0,2012,115
GG_시흥시,GG,시흥시,2002,1443.0,2012,115
GG_시흥시,GG,시흥시,2003,1370.0,2012,115
GG_시흥시,GG,시흥시,2004,1331.0,2012,115
GG_시흥시,GG,시흥시,2005,1291.0,2012,115
GG_시흥시,GG,시흥시,2006,1151.0,2012,115
GG_시흥시,GG,시흥시,2007,1126.0,2012,115
GG_시흥시,GG,시흥시,2008,1161.0,2012,115
GG_시흥시,GG,시흥시,2009,1138.0,2012,115
GG_시흥시,GG,시흥시,2010,1129.0,2012,115
GG_시흥시,GG,시흥시,2011,1074.0,2012,115
GG_군포시,GG,군포시,2000,207.0,2012,117
GG_군포시,GG,군포시,2001,194.0,2012,117
GG_군포시,GG,군포시,2002,194.0,2012,117
GG_군포시,GG,군포시,2003,177.0,2012,117
GG_군포시,GG,군포시,2004,172.0,2012,117
GG_군포시,GG,군포시,2005,133.0,2012,117
GG_군포시,GG,군포시,2006,131.0,2012,117
GG_군포시,GG,군포시,2007,117.0,2012,117
GG_군포시,GG,군포시,2008,124.0,2012,117
GG_군포시,GG,군포시,2009,123.0,2012,117
GG_군포시,GG,군포시,2010,102.0,2012,117
GG_군포시,GG,군포시,2011,91.0,2012,117
GG_의왕시,GG,의왕시,2000,144.0,2012,119
GG_의왕시,GG,의왕시,2001,149.0,2012,119
GG_의왕시,GG,의왕시,2002,150.0,2012,119
GG_의왕시,GG,의왕시,2003,140.0,2012,119
GG_의왕시,GG,의왕시,2004,153.0,2012,119
GG_의왕시,GG,의왕시,2005,153.0,2012,119
GG_의왕시,GG,의왕시,2006,136.0,2012,119
GG_의왕시,GG,의왕시,2007,132.0,2012,119
GG_의왕시,GG,의왕시,2008,109.0,2012,119
GG_의왕시,GG,의왕시,2009,109.0,2012,119
GG_의왕시,GG,의왕시,2010,78.0,2012,119
GG_의왕시,GG,의왕시,2011,99.0,2012,119
GG_하남시,GG,하남시,2000,233.0,2012,121
GG_하남시,GG,하남시,2001,203.0,2012,121
GG_하남시,GG,하남시,2002,173.0,2012,121
GG_하남시,GG,하남시,2003,171.0,2012,121
GG_하남시,GG,하남시,2004,124.0,2012,121
GG_하남시,GG,하남시,2005,109.0,2012,121
GG_하남시,GG,하남시,2006,43.0,2012,121
GG_하남시,GG,하남시,2007,33.0,2012,121
GG_하남시,GG,하남시,2008,50.0,2012,121
GG_하남시,GG,하남시,2009,50.0,2012,121
GG_하남시,GG,하남시,2010,13.0,2012,121
GG_하남시,GG,하남시,2011,17.0,2012,121
GG_용인시,GG,용인시,2000,5935.0,2012,123
GG_용인시,GG,용인시,2001,5795.0,2012,123
GG_용인시,GG,용인시,2002,5657.0,2012,123
GG_용인시,GG,용인시,2003,5253.0,2012,123
GG_용인시,GG,용인시,2004,5036.0,2012,123
GG_용인시,GG,용인시,2005,4948.0,2012,123
GG_용인시,GG,용인시,2006,4835.0,2012,123
GG_용인시,GG,용인시,2007,4691.0,2012,123
GG_용인시,GG,용인시,2008,4581.0,2012,123
GG_용인시,GG,용인시,2009,4635.0,2012,123
GG_용인시,GG,용인시,2010,4370.0,2012,123
GG_용인시,GG,용인시,2011,4379.0,2012,123
GG_파주시,GG,파주시,2000,9830.0,2012,125
GG_파주시,GG,파주시,2001,9921.0,2012,125
GG_파주시,GG,파주시,2002,9661.0,2012,125
GG_파주시,GG,파주시,2003,9490.0,2012,125
GG_파주시,GG,파주시,2004,8890.0,2012,125
GG_파주시,GG,파주시,2005,8521.0,2012,125
GG_파주시,GG,파주시,2006,8024.0,2012,125
GG_파주시,GG,파주시,2007,7795.0,2012,125
GG_파주시,GG,파주시,2008,7706.0,2012,125
GG_파주시,GG,파주시,2009,7436.0,2012,125
GG_파주시,GG,파주시,2010,7445.0,2012,125
GG_파주시,GG,파주시,2011,7128.0,2012,125
GG_이천시,GG,이천시,2000,10404.0,2009,127
GG_이천시,GG,이천시,2001,10394.0,2009,127
GG_이천시,GG,이천시,2002,10391.0,2009,127
GG_이천시,GG,이천시,2003,10161.0,2009,127
GG_이천시,GG,이천시,2004,10056.0,2009,127
GG_이천시,GG,이천시,2005,9880.0,2009,127
GG_이천시,GG,이천시,2006,9843.0,2009,127
GG_이천시,GG,이천시,2007,9543.0,2009,127
GG_이천시,GG,이천시,2008,9520.0,2009,127
GG_이천시,GG,이천시,2009,9558.0,2009,127
GG_이천시,GG,이천시,2010,9382.0,2009,127
GG_이천시,GG,이천시,2011,8768.0,2009,127
GG_안성시,GG,안성시,2000,10200.0,2012,129
GG_안성시,GG,안성시,2001,10250.0,2012,129
GG_안성시,GG,안성시,2002,10089.0,2012,129
GG_안성시,GG,안성시,2003,9970.0,2012,129
GG_안성시,GG,안성시,2004,9813.0,2012,129
GG_안성시,GG,안성시,2005,9449.0,2012,129
GG_안성시,GG,안성시,2006,9133.0,2012,129
GG_안성시,GG,안성시,2007,8970.0,2012,129
GG_안성시,GG,안성시,2008,9056.0,2012,129
GG_안성시,GG,안성시,2009,9067.0,2012,129
GG_안성시,GG,안성시,2010,9015.0,2012,129
GG_안성시,GG,안성시,2011,8424.0,2012,129
GG_김포시,GG,김포시,2000,8004.0,2012,131
GG_김포시,GG,김포시,2001,7993.0,2012,131
GG_김포시,GG,김포시,2002,7839.0,2012,131
GG_김포시,GG,김포시,2003,7637.0,2012,131
GG_김포시,GG,김포시,2004,7417.0,2012,131
GG_김포시,GG,김포시,2005,7396.0,2012,131
GG_김포시,GG,김포시,2006,7002.0,2012,131
GG_김포시,GG,김포시,2007,6703.0,2012,131
GG_김포시,GG,김포시,2008,6225.0,2012,131
GG_김포시,GG,김포시,2009,6009.0,2012,131
GG_김포시,GG,김포시,2010,5681.0,2012,131
GG_김포시,GG,김포시,2011,5297.0,2012,131
GG_화성시,GG,화성시,2000,16930.0,2011,133
GG_화성시,GG,화성시,2001,16596.0,2011,133
GG_화성시,GG,화성시,2002,16075.0,2011,133
GG_화성시,GG,화성시,2003,15258.0,2011,133
GG_화성시,GG,화성시,2004,14833.0,2011,133
GG_화성시,GG,화성시,2005,14562.0,2011,133
GG_화성시,GG,화성시,2006,14404.0,2011,133
GG_화성시,GG,화성시,2007,14113.0,2011,133
GG_화성시,GG,화성시,2008,14068.0,2011,133
GG_화성시,GG,화성시,2009,14537.0,2011,133
GG_화성시,GG,화성시,2010,14173.0,2011,133
GG_화성시,GG,화성시,2011,13922.0,2011,133
GG_광주시,GG,광주시,2000,1894.0,2012,135
GG_광주시,GG,광주시,2001,1840.0,2012,135
GG_광주시,GG,광주시,2002,1779.0,2012,135
GG_광주시,GG,광주시,2003,1685.0,2012,135
GG_광주시,GG,광주시,2004,1556.0,2012,135
GG_광주시,GG,광주시,2005,1491.0,2012,135
GG_광주시,GG,광주시,2006,1329.0,2012,135
GG_광주시,GG,광주시,2007,1358.0,2012,135
GG_광주시,GG,광주시,2008,1262.0,2012,135
GG_광주시,GG,광주시,2009,1224.0,2012,135
GG_광주시,GG,광주시,2010,1184.0,2012,135
GG_광주시,GG,광주시,2011,967.0,2012,135
GG_양주시,GG,양주시,2000,2680.0,2012,137
GG_양주시,GG,양주시,2001,2605.0,2012,137
GG_양주시,GG,양주시,2002,2548.0,2012,137
GG_양주시,GG,양주시,2003,2414.0,2012,137
GG_양주시,GG,양주시,2004,2259.0,2012,137
GG_양주시,GG,양주시,2005,2209.0,2012,137
GG_양주시,GG,양주시,2006,2125.0,2012,137
GG_양주시,GG,양주시,2007,2057.0,2012,137
GG_양주시,GG,양주시,2008,1949.0,2012,137
GG_양주시,GG,양주시,2009,1887.0,2012,137
GG_양주시,GG,양주시,2010,1863.0,2012,137
GG_양주시,GG,양주시,2011,1791.0,2012,137
GG_포천시,GG,포천시,2000,5587.0,2012,139
GG_포천시,GG,포천시,2001,5588.0,2012,139
GG_포천시,GG,포천시,2002,5463.0,2012,139
GG_포천시,GG,포천시,2003,5254.0,2012,139
GG_포천시,GG,포천시,2004,5102.0,2012,139
GG_포천시,GG,포천시,2005,4903.0,2012,139
GG_포천시,GG,포천시,2006,4698.0,2012,139
GG_포천시,GG,포천시,2007,4621.0,2012,139
GG_포천시,GG,포천시,2008,4530.0,2012,139
GG_포천시,GG,포천시,2009,4304.0,2012,139
GG_포천시,GG,포천시,2010,4205.0,2012,139
GG_포천시,GG,포천시,2011,3743.0,2012,139
GG_여주시,GG,여주시,2000,10165.0,2012,141
GG_여주시,GG,여주시,2001,10011.0,2012,141
GG_여주시,GG,여주시,2002,9894.0,2012,141
GG_여주시,GG,여주시,2003,9837.0,2012,141
GG_여주시,GG,여주시,2004,9531.0,2012,141
GG_여주시,GG,여주시,2005,9412.0,2012,141
GG_여주시,GG,여주시,2006,9282.0,2012,141
GG_여주시,GG,여주시,2007,9217.0,2012,141
GG_여주시,GG,여주시,2008,8975.0,2012,141
GG_여주시,GG,여주시,2009,8851.0,2012,141
GG_여주시,GG,여주시,2010,8102.0,2012,141
GG_여주시,GG,여주시,2011,8137.0,2012,141
GG_연천군,GG,연천군,2000,4780.0,2012,143
GG_연천군,GG,연천군,2001,4877.0,2012,143
GG_연천군,GG,연천군,2002,4805.0,2012,143
GG_연천군,GG,연천군,2003,4790.0,2012,143
GG_연천군,GG,연천군,2004,4595.0,2012,143
GG_연천군,GG,연천군,2005,4569.0,2012,143
GG_연천군,GG,연천군,2006,4332.0,2012,143
GG_연천군,GG,연천군,2007,4309.0,2012,143
GG_연천군,GG,연천군,2008,4293.0,2012,143
GG_연천군,GG,연천군,2009,4231.0,2012,143
GG_연천군,GG,연천군,2010,4169.0,2012,143
GG_연천군,GG,연천군,2011,3876.0,2012,143
GG_가평군,GG,가평군,2000,1978.0,2012,145
GG_가평군,GG,가평군,2001,1995.0,2012,145
GG_가평군,GG,가평군,2002,1950.0,2012,145
GG_가평군,GG,가평군,2003,1676.0,2012,145
GG_가평군,GG,가평군,2004,1539.0,2012,145
GG_가평군,GG,가평군,2005,1414.0,2012,145
GG_가평군,GG,가평군,2006,1523.0,2012,145
GG_가평군,GG,가평군,2007,1481.0,2012,145
GG_가평군,GG,가평군,2008,1346.0,2012,145
GG_가평군,GG,가평군,2009,1344.0,2012,145
GG_가평군,GG,가평군,2010,1240.0,2012,145
GG_가평군,GG,가평군,2011,1144.0,2012,145
GG_양평군,GG,양평군,2000,5714.0,2012,147
GG_양평군,GG,양평군,2001,5750.0,2012,147
GG_양평군,GG,양평군,2002,5630.0,2012,147
GG_양평군,GG,양평군,2003,5485.0,2012,147
GG_양평군,GG,양평군,2004,5313.0,2012,147
GG_양평군,GG,양평군,2005,5033.0,2012,147
GG_양평군,GG,양평군,2006,5092.0,2012,147
GG_양평군,GG,양평군,2007,5024.0,2012,147
GG_양평군,GG,양평군,2008,5087.0,2012,147
GG_양평군,GG,양평군,2009,4944.0,2012,147
GG_양평군,GG,양평군,2010,4826.0,2012,147
GG_양평군,GG,양평군,2011,4678.0,2012,147
GG_양주군,GG,양주군,2000,,2012,149
GG_양주군,GG,양주군,2001,,2012,149
GG_양주군,GG,양주군,2002,,2012,149
GG_양주군,GG,양주군,2003,,2012,149
GG_양주군,GG,양주군,2004,,2012,149
GG_양주군,GG,양주군,2005,,2012,149
GG_양주군,GG,양주군,2006,,2012,149
GG_양주군,GG,양주군,2007,,2012,149
GG_양주군,GG,양주군,2008,,2012,149
GG_양주군,GG,양주군,2009,,2012,149
GG_양주군,GG,양주군,2010,,2012,149
GG_양주군,GG,양주군,2011,,2012,149
GG_평택군,GG,평택군,2000,,2012,151
GG_평택군,GG,평택군,2001,,2012,151
GG_평택군,GG,평택군,2002,,2012,151
GG_평택군,GG,평택군,2003,,2012,151
GG_평택군,GG,평택군,2004,,2012,151
GG_평택군,GG,평택군,2005,,2012,151
GG_평택군,GG,평택군,2006,,2012,151
GG_평택군,GG,평택군,2007,,2012,151
GG_평택군,GG,평택군,2008,,2012,151
GG_평택군,GG,평택군,2009,,2012,151
GG_평택군,GG,평택군,2010,,2012,151
GG_평택군,GG,평택군,2011,,2012,151
GG_화성군,GG,화성군,2000,,2012,153
GG_화성군,GG,화성군,2001,,2012,153
GG_화성군,GG,화성군,2002,,2012,153
GG_화성군,GG,화성군,2003,,2012,153
GG_화성군,GG,화성군,2004,,2012,153
GG_화성군,GG,화성군,2005,,2012,153
GG_화성군,GG,화성군,2006,,2012,153
GG_화성군,GG,화성군,2007,,2012,153
GG_화성군,GG,화성군,2008,,2012,153
GG_화성군,GG,화성군,2009,,2012,153
GG_화성군,GG,화성군,2010,,2012,153
GG_화성군,GG,화성군,2011,,2012,153
GG_시흥군,GG,시흥군,2000,,2012,155
GG_시흥군,GG,시흥군,2001,,2012,155
GG_시흥군,GG,시흥군,2002,,2012,155
GG_시흥군,GG,시흥군,2003,,2012,155
GG_시흥군,GG,시흥군,2004,,2012,155
GG_시흥군,GG,시흥군,2005,,2012,155
GG_시흥군,GG,시흥군,2006,,2012,155
GG_시흥군,GG,시흥군,2007,,2012,155
GG_시흥군,GG,시흥군,2008,,2012,155
GG_시흥군,GG,시흥군,2009,,2012,155
GG_시흥군,GG,시흥군,2010,,2012,155
GG_시흥군,GG,시흥군,2011,,2012,155
GG_파주군,GG,파주군,2000,,2012,157
GG_파주군,GG,파주군,2001,,2012,157
GG_파주군,GG,파주군,2002,,2012,157
GG_파주군,GG,파주군,2003,,2012,157
GG_파주군,GG,파주군,2004,,2012,157
GG_파주군,GG,파주군,2005,,2012,157
GG_파주군,GG,파주군,2006,,2012,157
GG_파주군,GG,파주군,2007,,2012,157
GG_파주군,GG,파주군,2008,,2012,157
GG_파주군,GG,파주군,2009,,2012,157
GG_파주군,GG,파주군,2010,,2012,157
GG_파주군,GG,파주군,2011,,2012,157
GG_고양군,GG,고양군,2000,,2012,159
GG_고양군,GG,고양군,2001,,2012,159
GG_고양군,GG,고양군,2002,,2012,159
GG_고양군,GG,고양군,2003,,2012,159
GG_고양군,GG,고양군,2004,,2012,159
GG_고양군,GG,고양군,2005,,2012,159
GG_고양군,GG,고양군,2006,,2012,159
GG_고양군,GG,고양군,2007,,2012,159
GG_고양군,GG,고양군,2008,,2012,159
GG_고양군,GG,고양군,2009,,2012,159
GG_고양군,GG,고양군,2010,,2012,159
GG_고양군,GG,고양군,2011,,2012,159
GG_광주군,GG,광주군,2000,,2012,161
GG_광주군,GG,광주군,2001,,2012,161
GG_광주군,GG,광주군,2002,,2012,161
GG_광주군,GG,광주군,2003,,2012,161
GG_광주군,GG,광주군,2004,,2012,161
GG_광주군,GG,광주군,2005,,2012,161
GG_광주군,GG,광주군,2006,,2012,161
GG_광주군,GG,광주군,2007,,2012,161
GG_광주군,GG,광주군,2008,,2012,161
GG_광주군,GG,광주군,2009,,2012,161
GG_광주군,GG,광주군,2010,,2012,161
GG_광주군,GG,광주군,2011,,2012,161
GG_포천군,GG,포천군,2000,,2012,163
GG_포천군,GG,포천군,2001,,2012,163
GG_포천군,GG,포천군,2002,,2012,163
GG_포천군,GG,포천군,2003,,2012,163
GG_포천군,GG,포천군,2004,,2012,163
GG_포천군,GG,포천군,2005,,2012,163
GG_포천군,GG,포천군,2006,,2012,163
GG_포천군,GG,포천군,2007,,2012,163
GG_포천군,GG,포천군,2008,,2012,163
GG_포천군,GG,포천군,2009,,2012,163
GG_포천군,GG,포천군,2010,,2012,163
GG_포천군,GG,포천군,2011,,2012,163
GG_이천군,GG,이천군,2000,,2012,165
GG_이천군,GG,이천군,2001,,2012,165
GG_이천군,GG,이천군,2002,,2012,165
GG_이천군,GG,이천군,2003,,2012,165
GG_이천군,GG,이천군,2004,,2012,165
GG_이천군,GG,이천군,2005,,2012,165
GG_이천군,GG,이천군,2006,,2012,165
GG_이천군,GG,이천군,2007,,2012,165
GG_이천군,GG,이천군,2008,,2012,165
GG_이천군,GG,이천군,2009,,2012,165
GG_이천군,GG,이천군,2010,,2012,165
GG_이천군,GG,이천군,2011,,2012,165
GG_용인군,GG,용인군,2000,,2012,167
GG_용인군,GG,용인군,2001,,2012,167
GG_용인군,GG,용인군,2002,,2012,167
GG_용인군,GG,용인군,2003,,2012,167
GG_용인군,GG,용인군,2004,,2012,167
GG_용인군,GG,용인군,2005,,2012,167
GG_용인군,GG,용인군,2006,,2012,167
GG_용인군,GG,용인군,2007,,2012,167
GG_용인군,GG,용인군,2008,,2012,167
GG_용인군,GG,용인군,2009,,2012,167
GG_용인군,GG,용인군,2010,,2012,167
GG_용인군,GG,용인군,2011,,2012,167
GG_안성군,GG,안성군,2000,,2012,169
GG_안성군,GG,안성군,2001,,2012,169
GG_안성군,GG,안성군,2002,,2012,169
GG_안성군,GG,안성군,2003,,2012,169
GG_안성군,GG,안성군,2004,,2012,169
GG_안성군,GG,안성군,2005,,2012,169
GG_안성군,GG,안성군,2006,,2012,169
GG_안성군,GG,안성군,2007,,2012,169
GG_안성군,GG,안성군,2008,,2012,169
GG_안성군,GG,안성군,2009,,2012,169
GG_안성군,GG,안성군,2010,,2012,169
GG_안성군,GG,안성군,2011,,2012,169
GG_김포군,GG,김포군,2000,,2012,171
GG_김포군,GG,김포군,2001,,2012,171
GG_김포군,GG,김포군,2002,,2012,171
GG_김포군,GG,김포군,2003,,2012,171
GG_김포군,GG,김포군,2004,,2012,171
GG_김포군,GG,김포군,2005,,2012,171
GG_김포군,GG,김포군,2006,,2012,171
GG_김포군,GG,김포군,2007,,2012,171
GG_김포군,GG,김포군,2008,,2012,171
GG_김포군,GG,김포군,2009,,2012,171
GG_김포군,GG,김포군,2010,,2012,171
GG_김포군,GG,김포군,2011,,2012,171
GG_강화군,GG,강화군,2000,,2012,173
GG_강화군,GG,강화군,2001,,2012,173
GG_강화군,GG,강화군,2002,,2012,173
GG_강화군,GG,강화군,2003,,2012,173
GG_강화군,GG,강화군,2004,,2012,173
GG_강화군,GG,강화군,2005,,2012,173
GG_강화군,GG,강화군,2006,,2012,173
GG_강화군,GG,강화군,2007,,2012,173
GG_강화군,GG,강화군,2008,,2012,173
GG_강화군,GG,강화군,2009,,2012,173
GG_강화군,GG,강화군,2010,,2012,173
GG_강화군,GG,강화군,2011,,2012,173
GG_옹진군,GG,옹진군,2000,,2012,175
GG_옹진군,GG,옹진군,2001,,2012,175
GG_옹진군,GG,옹진군,2002,,2012,175
GG_옹진군,GG,옹진군,2003,,2012,175
GG_옹진군,GG,옹진군,2004,,2012,175
GG_옹진군,GG,옹진군,2005,,2012,175
GG_옹진군,GG,옹진군,2006,,2012,175
GG_옹진군,GG,옹진군,2007,,2012,175
GG_옹진군,GG,옹진군,2008,,2012,175
GG_옹진군,GG,옹진군,2009,,2012,175
GG_옹진군,GG,옹진군,2010,,2012,175
GG_옹진군,GG,옹진군,2011,,2012,175
GW_춘천시,GW,춘천시,2000,2928.0,2012,179
GW_춘천시,GW,춘천시,2001,2852.0,2012,179
GW_춘천시,GW,춘천시,2002,2820.0,2012,179
GW_춘천시,GW,춘천시,2003,2732.0,2012,179
GW_춘천시,GW,춘천시,2004,2557.0,2012,179
GW_춘천시,GW,춘천시,2005,2487.0,2012,179
GW_춘천시,GW,춘천시,2006,2395.0,2012,179
GW_춘천시,GW,춘천시,2007,2337.0,2012,179
GW_춘천시,GW,춘천시,2008,2239.0,2012,179
GW_춘천시,GW,춘천시,2009,2196.0,2012,179
GW_춘천시,GW,춘천시,2010,2082.0,2012,179
GW_춘천시,GW,춘천시,2011,1758.0,2012,179
GW_원주시,GW,원주시,2000,4684.0,2012,181
GW_원주시,GW,원주시,2001,4642.0,2012,181
GW_원주시,GW,원주시,2002,4741.0,2012,181
GW_원주시,GW,원주시,2003,4608.0,2012,181
GW_원주시,GW,원주시,2004,4442.0,2012,181
GW_원주시,GW,원주시,2005,4363.0,2012,181
GW_원주시,GW,원주시,2006,4144.0,2012,181
GW_원주시,GW,원주시,2007,4331.0,2012,181
GW_원주시,GW,원주시,2008,4190.0,2012,181
GW_원주시,GW,원주시,2009,4177.0,2012,181
GW_원주시,GW,원주시,2010,4104.0,2012,181
GW_원주시,GW,원주시,2011,3845.0,2012,181
GW_강릉시,GW,강릉시,2000,3937.0,2012,183
GW_강릉시,GW,강릉시,2001,4005.0,2012,183
GW_강릉시,GW,강릉시,2002,3927.0,2012,183
GW_강릉시,GW,강릉시,2003,3487.0,2012,183
GW_강릉시,GW,강릉시,2004,3362.0,2012,183
GW_강릉시,GW,강릉시,2005,3379.0,2012,183
GW_강릉시,GW,강릉시,2006,3288.0,2012,183
GW_강릉시,GW,강릉시,2007,3263.0,2012,183
GW_강릉시,GW,강릉시,2008,3249.0,2012,183
GW_강릉시,GW,강릉시,2009,3275.0,2012,183
GW_강릉시,GW,강릉시,2010,3108.0,2012,183
GW_강릉시,GW,강릉시,2011,2864.0,2012,183
GW_동해시,GW,동해시,2000,362.0,2012,185
GW_동해시,GW,동해시,2001,341.0,2012,185
GW_동해시,GW,동해시,2002,327.0,2012,185
GW_동해시,GW,동해시,2003,273.0,2012,185
GW_동해시,GW,동해시,2004,249.0,2012,185
GW_동해시,GW,동해시,2005,277.0,2012,185
GW_동해시,GW,동해시,2006,276.0,2012,185
GW_동해시,GW,동해시,2007,273.0,2012,185
GW_동해시,GW,동해시,2008,281.0,2012,185
GW_동해시,GW,동해시,2009,294.0,2012,185
GW_동해시,GW,동해시,2010,273.0,2012,185
GW_동해시,GW,동해시,2011,250.0,2012,185
GW_태백시,GW,태백시,2000,1.0,2012,187
GW_태백시,GW,태백시,2001,1.0,2012,187
GW_태백시,GW,태백시,2002,1.0,2012,187
GW_태백시,GW,태백시,2003,1.0,2012,187
GW_태백시,GW,태백시,2004,1.0,2012,187
GW_태백시,GW,태백시,2005,1.0,2012,187
GW_태백시,GW,태백시,2006,,2012,187
GW_태백시,GW,태백시,2007,,2012,187
GW_태백시,GW,태백시,2008,,2012,187
GW_태백시,GW,태백시,2009,,2012,187
GW_태백시,GW,태백시,2010,,2012,187
GW_태백시,GW,태백시,2011,,2012,187
GW_속초시,GW,속초시,2000,479.0,2012,189
GW_속초시,GW,속초시,2001,467.0,2012,189
GW_속초시,GW,속초시,2002,465.0,2012,189
GW_속초시,GW,속초시,2003,440.0,2012,189
GW_속초시,GW,속초시,2004,430.0,2012,189
GW_속초시,GW,속초시,2005,427.0,2012,189
GW_속초시,GW,속초시,2006,406.0,2012,189
GW_속초시,GW,속초시,2007,342.0,2012,189
GW_속초시,GW,속초시,2008,299.0,2012,189
GW_속초시,GW,속초시,2009,296.0,2012,189
GW_속초시,GW,속초시,2010,277.0,2012,189
GW_속초시,GW,속초시,2011,277.0,2012,189
GW_삼척시,GW,삼척시,2000,1085.0,2012,191
GW_삼척시,GW,삼척시,2001,1023.0,2012,191
GW_삼척시,GW,삼척시,2002,1047.0,2012,191
GW_삼척시,GW,삼척시,2003,920.0,2012,191
GW_삼척시,GW,삼척시,2004,812.0,2012,191
GW_삼척시,GW,삼척시,2005,810.0,2012,191
GW_삼척시,GW,삼척시,2006,926.0,2012,191
GW_삼척시,GW,삼척시,2007,977.0,2012,191
GW_삼척시,GW,삼척시,2008,919.0,2012,191
GW_삼척시,GW,삼척시,2009,917.0,2012,191
GW_삼척시,GW,삼척시,2010,869.0,2012,191
GW_삼척시,GW,삼척시,2011,739.0,2012,191
GW_홍천군,GW,홍천군,2000,5151.0,2012,193
GW_홍천군,GW,홍천군,2001,5122.0,2012,193
GW_홍천군,GW,홍천군,2002,5074.0,2012,193
GW_홍천군,GW,홍천군,2003,4872.0,2012,193
GW_홍천군,GW,홍천군,2004,4827.0,2012,193
GW_홍천군,GW,홍천군,2005,4619.0,2012,193
GW_홍천군,GW,홍천군,2006,4244.0,2012,193
GW_홍천군,GW,홍천군,2007,4056.0,2012,193
GW_홍천군,GW,홍천군,2008,3935.0,2012,193
GW_홍천군,GW,홍천군,2009,3886.0,2012,193
GW_홍천군,GW,홍천군,2010,3657.0,2012,193
GW_홍천군,GW,홍천군,2011,3454.0,2012,193
GW_횡성군,GW,횡성군,2000,4442.0,2012,195
GW_횡성군,GW,횡성군,2001,4192.0,2012,195
GW_횡성군,GW,횡성군,2002,4124.0,2012,195
GW_횡성군,GW,횡성군,2003,3914.0,2012,195
GW_횡성군,GW,횡성군,2004,3858.0,2012,195
GW_횡성군,GW,횡성군,2005,3762.0,2012,195
GW_횡성군,GW,횡성군,2006,3437.0,2012,195
GW_횡성군,GW,횡성군,2007,3356.0,2012,195
GW_횡성군,GW,횡성군,2008,3425.0,2012,195
GW_횡성군,GW,횡성군,2009,3367.0,2012,195
GW_횡성군,GW,횡성군,2010,3281.0,2012,195
GW_횡성군,GW,횡성군,2011,3225.0,2012,195
GW_영월군,GW,영월군,2000,1100.0,2012,197
GW_영월군,GW,영월군,2001,1088.0,2012,197
GW_영월군,GW,영월군,2002,1058.0,2012,197
GW_영월군,GW,영월군,2003,985.0,2012,197
GW_영월군,GW,영월군,2004,900.0,2012,197
GW_영월군,GW,영월군,2005,869.0,2012,197
GW_영월군,GW,영월군,2006,813.0,2012,197
GW_영월군,GW,영월군,2007,814.0,2012,197
GW_영월군,GW,영월군,2008,817.0,2012,197
GW_영월군,GW,영월군,2009,882.0,2012,197
GW_영월군,GW,영월군,2010,753.0,2012,197
GW_영월군,GW,영월군,2011,545.0,2012,197
GW_평창군,GW,평창군,2000,1003.0,2012,199
GW_평창군,GW,평창군,2001,1005.0,2012,199
GW_평창군,GW,평창군,2002,963.0,2012,199
GW_평창군,GW,평창군,2003,968.0,2012,199
GW_평창군,GW,평창군,2004,923.0,2012,199
GW_평창군,GW,평창군,2005,934.0,2012,199
GW_평창군,GW,평창군,2006,817.0,2012,199
GW_평창군,GW,평창군,2007,707.0,2012,199
GW_평창군,GW,평창군,2008,610.0,2012,199
GW_평창군,GW,평창군,2009,584.0,2012,199
GW_평창군,GW,평창군,2010,578.0,2012,199
GW_평창군,GW,평창군,2011,454.0,2012,199
GW_정선군,GW,정선군,2000,606.0,2012,201
GW_정선군,GW,정선군,2001,600.0,2012,201
GW_정선군,GW,정선군,2002,595.0,2012,201
GW_정선군,GW,정선군,2003,556.0,2012,201
GW_정선군,GW,정선군,2004,554.0,2012,201
GW_정선군,GW,정선군,2005,540.0,2012,201
GW_정선군,GW,정선군,2006,461.0,2012,201
GW_정선군,GW,정선군,2007,428.0,2012,201
GW_정선군,GW,정선군,2008,440.0,2012,201
GW_정선군,GW,정선군,2009,393.0,2012,201
GW_정선군,GW,정선군,2010,356.0,2012,201
GW_정선군,GW,정선군,2011,235.0,2012,201
GW_철원군,GW,철원군,2000,10178.0,2009,203
GW_철원군,GW,철원군,2001,10063.0,2009,203
GW_철원군,GW,철원군,2002,10006.0,2009,203
GW_철원군,GW,철원군,2003,9983.0,2009,203
GW_철원군,GW,철원군,2004,10080.0,2009,203
GW_철원군,GW,철원군,2005,10802.0,2009,203
GW_철원군,GW,철원군,2006,10808.0,2009,203
GW_철원군,GW,철원군,2007,10764.0,2009,203
GW_철원군,GW,철원군,2008,10788.0,2009,203
GW_철원군,GW,철원군,2009,10634.0,2009,203
GW_철원군,GW,철원군,2010,10659.0,2009,203
GW_철원군,GW,철원군,2011,10214.0,2009,203
GW_화천군,GW,화천군,2000,1486.0,2012,205
GW_화천군,GW,화천군,2001,1474.0,2012,205
GW_화천군,GW,화천군,2002,1449.0,2012,205
GW_화천군,GW,화천군,2003,1379.0,2012,205
GW_화천군,GW,화천군,2004,1371.0,2012,205
GW_화천군,GW,화천군,2005,1369.0,2012,205
GW_화천군,GW,화천군,2006,1162.0,2012,205
GW_화천군,GW,화천군,2007,1201.0,2012,205
GW_화천군,GW,화천군,2008,1153.0,2012,205
GW_화천군,GW,화천군,2009,1133.0,2012,205
GW_화천군,GW,화천군,2010,887.0,2012,205
GW_화천군,GW,화천군,2011,721.0,2012,205
GW_양구군,GW,양구군,2000,2551.0,2012,207
GW_양구군,GW,양구군,2001,2668.0,2012,207
GW_양구군,GW,양구군,2002,2610.0,2012,207
GW_양구군,GW,양구군,2003,2658.0,2012,207
GW_양구군,GW,양구군,2004,2545.0,2012,207
GW_양구군,GW,양구군,2005,2452.0,2012,207
GW_양구군,GW,양구군,2006,2406.0,2012,207
GW_양구군,GW,양구군,2007,2271.0,2012,207
GW_양구군,GW,양구군,2008,1878.0,2012,207
GW_양구군,GW,양구군,2009,1843.0,2012,207
GW_양구군,GW,양구군,2010,1806.0,2012,207
GW_양구군,GW,양구군,2011,1601.0,2012,207
GW_인제군,GW,인제군,2000,1318.0,2012,209
GW_인제군,GW,인제군,2001,1359.0,2012,209
GW_인제군,GW,인제군,2002,1349.0,2012,209
GW_인제군,GW,인제군,2003,1325.0,2012,209
GW_인제군,GW,인제군,2004,1278.0,2012,209
GW_인제군,GW,인제군,2005,1248.0,2012,209
GW_인제군,GW,인제군,2006,1178.0,2012,209
GW_인제군,GW,인제군,2007,1140.0,2012,209
GW_인제군,GW,인제군,2008,1093.0,2012,209
GW_인제군,GW,인제군,2009,1046.0,2012,209
GW_인제군,GW,인제군,2010,938.0,2012,209
GW_인제군,GW,인제군,2011,847.0,2012,209
GW_고성군,GW,고성군,2000,3378.0,2012,211
GW_고성군,GW,고성군,2001,3393.0,2012,211
GW_고성군,GW,고성군,2002,3409.0,2012,211
GW_고성군,GW,고성군,2003,3275.0,2012,211
GW_고성군,GW,고성군,2004,3234.0,2012,211
GW_고성군,GW,고성군,2005,3257.0,2012,211
GW_고성군,GW,고성군,2006,3230.0,2012,211
GW_고성군,GW,고성군,2007,3299.0,2012,211
GW_고성군,GW,고성군,2008,3238.0,2012,211
GW_고성군,GW,고성군,2009,3273.0,2012,211
GW_고성군,GW,고성군,2010,3155.0,2012,211
GW_고성군,GW,고성군,2011,2903.0,2012,211
GW_양양군,GW,양양군,2000,2477.0,2012,213
GW_양양군,GW,양양군,2001,2505.0,2012,213
GW_양양군,GW,양양군,2002,2495.0,2012,213
GW_양양군,GW,양양군,2003,2343.0,2012,213
GW_양양군,GW,양양군,2004,2223.0,2012,213
GW_양양군,GW,양양군,2005,2218.0,2012,213
GW_양양군,GW,양양군,2006,2214.0,2012,213
GW_양양군,GW,양양군,2007,2265.0,2012,213
GW_양양군,GW,양양군,2008,2252.0,2012,213
GW_양양군,GW,양양군,2009,2224.0,2012,213
GW_양양군,GW,양양군,2010,2026.0,2012,213
GW_양양군,GW,양양군,2011,1982.0,2012,213
GW_춘성군,GW,춘성군,2000,,2012,215
GW_춘성군,GW,춘성군,2001,,2012,215
GW_춘성군,GW,춘성군,2002,,2012,215
GW_춘성군,GW,춘성군,2003,,2012,215
GW_춘성군,GW,춘성군,2004,,2012,215
GW_춘성군,GW,춘성군,2005,,2012,215
GW_춘성군,GW,춘성군,2006,,2012,215
GW_춘성군,GW,춘성군,2007,,2012,215
GW_춘성군,GW,춘성군,2008,,2012,215
GW_춘성군,GW,춘성군,2009,,2012,215
GW_춘성군,GW,춘성군,2010,,2012,215
GW_춘성군,GW,춘성군,2011,,2012,215
GW_원성군,GW,원성군,2000,,2012,217
GW_원성군,GW,원성군,2001,,2012,217
GW_원성군,GW,원성군,2002,,2012,217
GW_원성군,GW,원성군,2003,,2012,217
GW_원성군,GW,원성군,2004,,2012,217
GW_원성군,GW,원성군,2005,,2012,217
GW_원성군,GW,원성군,2006,,2012,217
GW_원성군,GW,원성군,2007,,2012,217
GW_원성군,GW,원성군,2008,,2012,217
GW_원성군,GW,원성군,2009,,2012,217
GW_원성군,GW,원성군,2010,,2012,217
GW_원성군,GW,원성군,2011,,2012,217
GW_명주군,GW,명주군,2000,,2012,219
GW_명주군,GW,명주군,2001,,2012,219
GW_명주군,GW,명주군,2002,,2012,219
GW_명주군,GW,명주군,2003,,2012,219
GW_명주군,GW,명주군,2004,,2012,219
GW_명주군,GW,명주군,2005,,2012,219
GW_명주군,GW,명주군,2006,,2012,219
GW_명주군,GW,명주군,2007,,2012,219
GW_명주군,GW,명주군,2008,,2012,219
GW_명주군,GW,명주군,2009,,2012,219
GW_명주군,GW,명주군,2010,,2012,219
GW_명주군,GW,명주군,2011,,2012,219
GW_삼척군,GW,삼척군,2000,,2012,221
GW_삼척군,GW,삼척군,2001,,2012,221
GW_삼척군,GW,삼척군,2002,,2012,221
GW_삼척군,GW,삼척군,2003,,2012,221
GW_삼척군,GW,삼척군,2004,,2012,221
GW_삼척군,GW,삼척군,2005,,2012,221
GW_삼척군,GW,삼척군,2006,,2012,221
GW_삼척군,GW,삼척군,2007,,2012,221
GW_삼척군,GW,삼척군,2008,,2012,221
GW_삼척군,GW,삼척군,2009,,2012,221
GW_삼척군,GW,삼척군,2010,,2012,221
GW_삼척군,GW,삼척군,2011,,2012,221
CB_충주시,CB,충주시,2000,7912.0,2012,225
CB_충주시,CB,충주시,2001,7965.0,2012,225
CB_충주시,CB,충주시,2002,7826.0,2012,225
CB_충주시,CB,충주시,2003,7615.0,2012,225
CB_충주시,CB,충주시,2004,7249.0,2012,225
CB_충주시,CB,충주시,2005,7278.0,2012,225
CB_충주시,CB,충주시,2006,6447.0,2012,225
CB_충주시,CB,충주시,2007,6337.0,2012,225
CB_충주시,CB,충주시,2008,6164.0,2012,225
CB_충주시,CB,충주시,2009,5841.0,2012,225
CB_충주시,CB,충주시,2010,5671.0,2012,225
CB_충주시,CB,충주시,2011,5468.0,2012,225
CB_제천시,CB,제천시,2000,3213.0,2012,227
CB_제천시,CB,제천시,2001,3198.0,2012,227
CB_제천시,CB,제천시,2002,3166.0,2012,227
CB_제천시,CB,제천시,2003,3020.0,2012,227
CB_제천시,CB,제천시,2004,2904.0,2012,227
CB_제천시,CB,제천시,2005,2873.0,2012,227
CB_제천시,CB,제천시,2006,2911.0,2012,227
CB_제천시,CB,제천시,2007,2902.0,2012,227
CB_제천시,CB,제천시,2008,2761.0,2012,227
CB_제천시,CB,제천시,2009,2733.0,2012,227
CB_제천시,CB,제천시,2010,2595.0,2012,227
CB_제천시,CB,제천시,2011,2616.0,2012,227
CB_청주시,CB,청주시,2000,3007.0,2012,229
CB_청주시,CB,청주시,2001,3016.0,2012,229
CB_청주시,CB,청주시,2002,2919.0,2012,229
CB_청주시,CB,청주시,2003,2746.0,2012,229
CB_청주시,CB,청주시,2004,2723.0,2012,229
CB_청주시,CB,청주시,2005,2646.0,2012,229
CB_청주시,CB,청주시,2006,2693.0,2012,229
CB_청주시,CB,청주시,2007,2657.0,2012,229
CB_청주시,CB,청주시,2008,2639.0,2012,229
CB_청주시,CB,청주시,2009,2646.0,2012,229
CB_청주시,CB,청주시,2010,2404.0,2012,229
CB_청주시,CB,청주시,2011,2328.0,2012,229
CB_청원군,CB,청원군,2000,11886.0,2009,231
CB_청원군,CB,청원군,2001,11968.0,2009,231
CB_청원군,CB,청원군,2002,11629.0,2009,231
CB_청원군,CB,청원군,2003,11471.0,2009,231
CB_청원군,CB,청원군,2004,10953.0,2009,231
CB_청원군,CB,청원군,2005,10845.0,2009,231
CB_청원군,CB,청원군,2006,11177.0,2009,231
CB_청원군,CB,청원군,2007,10903.0,2009,231
CB_청원군,CB,청원군,2008,10741.0,2009,231
CB_청원군,CB,청원군,2009,10609.0,2009,231
CB_청원군,CB,청원군,2010,10384.0,2009,231
CB_청원군,CB,청원군,2011,9838.0,2009,231
CB_보은군,CB,보은군,2000,5671.0,2012,233
CB_보은군,CB,보은군,2001,5663.0,2012,233
CB_보은군,CB,보은군,2002,5577.0,2012,233
CB_보은군,CB,보은군,2003,5497.0,2012,233
CB_보은군,CB,보은군,2004,5546.0,2012,233
CB_보은군,CB,보은군,2005,5465.0,2012,233
CB_보은군,CB,보은군,2006,5306.0,2012,233
CB_보은군,CB,보은군,2007,5423.0,2012,233
CB_보은군,CB,보은군,2008,4949.0,2012,233
CB_보은군,CB,보은군,2009,5147.0,2012,233
CB_보은군,CB,보은군,2010,5118.0,2012,233
CB_보은군,CB,보은군,2011,4705.0,2012,233
CB_옥천군,CB,옥천군,2000,3602.0,2012,235
CB_옥천군,CB,옥천군,2001,3604.0,2012,235
CB_옥천군,CB,옥천군,2002,3538.0,2012,235
CB_옥천군,CB,옥천군,2003,3314.0,2012,235
CB_옥천군,CB,옥천군,2004,3174.0,2012,235
CB_옥천군,CB,옥천군,2005,3014.0,2012,235
CB_옥천군,CB,옥천군,2006,2651.0,2012,235
CB_옥천군,CB,옥천군,2007,2622.0,2012,235
CB_옥천군,CB,옥천군,2008,2635.0,2012,235
CB_옥천군,CB,옥천군,2009,2638.0,2012,235
CB_옥천군,CB,옥천군,2010,2542.0,2012,235
CB_옥천군,CB,옥천군,2011,2369.0,2012,235
CB_영동군,CB,영동군,2000,3023.0,2012,237
CB_영동군,CB,영동군,2001,3110.0,2012,237
CB_영동군,CB,영동군,2002,2995.0,2012,237
CB_영동군,CB,영동군,2003,2613.0,2012,237
CB_영동군,CB,영동군,2004,2580.0,2012,237
CB_영동군,CB,영동군,2005,2402.0,2012,237
CB_영동군,CB,영동군,2006,2386.0,2012,237
CB_영동군,CB,영동군,2007,2334.0,2012,237
CB_영동군,CB,영동군,2008,2225.0,2012,237
CB_영동군,CB,영동군,2009,1952.0,2012,237
CB_영동군,CB,영동군,2010,1671.0,2012,237
CB_영동군,CB,영동군,2011,1468.0,2012,237
CB_진천군,CB,진천군,2000,6548.0,2009,239
CB_진천군,CB,진천군,2001,6576.0,2009,239
CB_진천군,CB,진천군,2002,6513.0,2009,239
CB_진천군,CB,진천군,2003,6262.0,2009,239
CB_진천군,CB,진천군,2004,6290.0,2009,239
CB_진천군,CB,진천군,2005,6075.0,2009,239
CB_진천군,CB,진천군,2006,5878.0,2009,239
CB_진천군,CB,진천군,2007,5788.0,2009,239
CB_진천군,CB,진천군,2008,5380.0,2009,239
CB_진천군,CB,진천군,2009,5347.0,2009,239
CB_진천군,CB,진천군,2010,5268.0,2009,239
CB_진천군,CB,진천군,2011,5139.0,2009,239
CB_괴산군,CB,괴산군,2000,6742.0,2012,241
CB_괴산군,CB,괴산군,2001,6623.0,2012,241
CB_괴산군,CB,괴산군,2002,6425.0,2012,241
CB_괴산군,CB,괴산군,2003,6174.0,2012,241
CB_괴산군,CB,괴산군,2004,5952.0,2012,241
CB_괴산군,CB,괴산군,2005,5668.0,2012,241
CB_괴산군,CB,괴산군,2006,3992.0,2012,241
CB_괴산군,CB,괴산군,2007,3767.0,2012,241
CB_괴산군,CB,괴산군,2008,3538.0,2012,241
CB_괴산군,CB,괴산군,2009,3840.0,2012,241
CB_괴산군,CB,괴산군,2010,3707.0,2012,241
CB_괴산군,CB,괴산군,2011,3618.0,2012,241
CB_음성군,CB,음성군,2000,7386.0,2012,243
CB_음성군,CB,음성군,2001,7362.0,2012,243
CB_음성군,CB,음성군,2002,7311.0,2012,243
CB_음성군,CB,음성군,2003,7104.0,2012,243
CB_음성군,CB,음성군,2004,6982.0,2012,243
CB_음성군,CB,음성군,2005,6498.0,2012,243
CB_음성군,CB,음성군,2006,6251.0,2012,243
CB_음성군,CB,음성군,2007,6172.0,2012,243
CB_음성군,CB,음성군,2008,5987.0,2012,243
CB_음성군,CB,음성군,2009,5802.0,2012,243
CB_음성군,CB,음성군,2010,5813.0,2012,243
CB_음성군,CB,음성군,2011,5481.0,2012,243
CB_단양군,CB,단양군,2000,948.0,2012,245
CB_단양군,CB,단양군,2001,928.0,2012,245
CB_단양군,CB,단양군,2002,879.0,2012,245
CB_단양군,CB,단양군,2003,776.0,2012,245
CB_단양군,CB,단양군,2004,692.0,2012,245
CB_단양군,CB,단양군,2005,653.0,2012,245
CB_단양군,CB,단양군,2006,638.0,2012,245
CB_단양군,CB,단양군,2007,549.0,2012,245
CB_단양군,CB,단양군,2008,576.0,2012,245
CB_단양군,CB,단양군,2009,541.0,2012,245
CB_단양군,CB,단양군,2010,410.0,2012,245
CB_단양군,CB,단양군,2011,361.0,2012,245
CB_증평군,CB,증평군,2000,,2012,247
CB_증평군,CB,증평군,2001,,2012,247
CB_증평군,CB,증평군,2002,,2012,247
CB_증평군,CB,증평군,2003,,2012,247
CB_증평군,CB,증평군,2004,,2012,247
CB_증평군,CB,증평군,2005,,2012,247
CB_증평군,CB,증평군,2006,1320.0,2012,247
CB_증평군,CB,증평군,2007,1248.0,2012,247
CB_증평군,CB,증평군,2008,1207.0,2012,247
CB_증평군,CB,증평군,2009,1161.0,2012,247
CB_증평군,CB,증평군,2010,1175.0,2012,247
CB_증평군,CB,증평군,2011,1089.0,2012,247
CB_중원군,CB,중원군,2000,,2012,249
CB_중원군,CB,중원군,2001,,2012,249
CB_중원군,CB,중원군,2002,,2012,249
CB_중원군,CB,중원군,2003,,2012,249
CB_중원군,CB,중원군,2004,,2012,249
CB_중원군,CB,중원군,2005,,2012,249
CB_중원군,CB,중원군,2006,,2012,249
CB_중원군,CB,중원군,2007,,2012,249
CB_중원군,CB,중원군,2008,,2012,249
CB_중원군,CB,중원군,2009,,2012,249
CB_중원군,CB,중원군,2010,,2012,249
CB_중원군,CB,중원군,2011,,2012,249
CB_제천군,CB,제천군,2000,,2012,251
CB_제천군,CB,제천군,2001,,2012,251
CB_제천군,CB,제천군,2002,,2012,251
CB_제천군,CB,제천군,2003,,2012,251
CB_제천군,CB,제천군,2004,,2012,251
CB_제천군,CB,제천군,2005,,2012,251
CB_제천군,CB,제천군,2006,,2012,251
CB_제천군,CB,제천군,2007,,2012,251
CB_제천군,CB,제천군,2008,,2012,251
CB_제천군,CB,제천군,2009,,2012,251
CB_제천군,CB,제천군,2010,,2012,251
CB_제천군,CB,제천군,2011,,2012,251
CN_대전시,CN,대전시,2000,,2012,255
CN_대전시,CN,대전시,2001,,2012,255
CN_대전시,CN,대전시,2002,,2012,255
CN_대전시,CN,대전시,2003,,2012,255
CN_대전시,CN,대전시,2004,,2012,255
CN_대전시,CN,대전시,2005,,2012,255
CN_대전시,CN,대전시,2006,,2012,255
CN_대전시,CN,대전시,2007,,2012,255
CN_대전시,CN,대전시,2008,,2012,255
CN_대전시,CN,대전시,2009,,2012,255
CN_대전시,CN,대전시,2010,,2012,255
CN_대전시,CN,대전시,2011,,2012,255
CN_천안시,CN,천안시,2000,9384.0,2012,257
CN_천안시,CN,천안시,2001,9446.0,2012,257
CN_천안시,CN,천안시,2002,9130.0,2012,257
CN_천안시,CN,천안시,2003,9002.0,2012,257
CN_천안시,CN,천안시,2004,8773.0,2012,257
CN_천안시,CN,천안시,2005,8790.0,2012,257
CN_천안시,CN,천안시,2006,8022.0,2012,257
CN_천안시,CN,천안시,2007,8013.0,2012,257
CN_천안시,CN,천안시,2008,7932.0,2012,257
CN_천안시,CN,천안시,2009,7856.0,2012,257
CN_천안시,CN,천안시,2010,7179.0,2012,257
CN_천안시,CN,천안시,2011,6816.0,2012,257
CN_공주시,CN,공주시,2000,10677.0,2012,259
CN_공주시,CN,공주시,2001,10763.0,2012,259
CN_공주시,CN,공주시,2002,10488.0,2012,259
CN_공주시,CN,공주시,2003,10095.0,2012,259
CN_공주시,CN,공주시,2004,9795.0,2012,259
CN_공주시,CN,공주시,2005,9679.0,2012,259
CN_공주시,CN,공주시,2006,9302.0,2012,259
CN_공주시,CN,공주시,2007,9198.0,2012,259
CN_공주시,CN,공주시,2008,9094.0,2012,259
CN_공주시,CN,공주시,2009,9369.0,2012,259
CN_공주시,CN,공주시,2010,8897.0,2012,259
CN_공주시,CN,공주시,2011,8440.0,2012,259
CN_보령시,CN,보령시,2000,9934.0,2012,261
CN_보령시,CN,보령시,2001,9934.0,2012,261
CN_보령시,CN,보령시,2002,9805.0,2012,261
CN_보령시,CN,보령시,2003,9648.0,2012,261
CN_보령시,CN,보령시,2004,9641.0,2012,261
CN_보령시,CN,보령시,2005,9741.0,2012,261
CN_보령시,CN,보령시,2006,9724.0,2012,261
CN_보령시,CN,보령시,2007,9726.0,2012,261
CN_보령시,CN,보령시,2008,9735.0,2012,261
CN_보령시,CN,보령시,2009,9627.0,2012,261
CN_보령시,CN,보령시,2010,9609.0,2012,261
CN_보령시,CN,보령시,2011,9335.0,2012,261
CN_아산시,CN,아산시,2000,13153.0,2011,263
CN_아산시,CN,아산시,2001,13169.0,2011,263
CN_아산시,CN,아산시,2002,12980.0,2011,263
CN_아산시,CN,아산시,2003,12737.0,2011,263
CN_아산시,CN,아산시,2004,12626.0,2011,263
CN_아산시,CN,아산시,2005,12346.0,2011,263
CN_아산시,CN,아산시,2006,11691.0,2011,263
CN_아산시,CN,아산시,2007,11666.0,2011,263
CN_아산시,CN,아산시,2008,11254.0,2011,263
CN_아산시,CN,아산시,2009,11201.0,2011,263
CN_아산시,CN,아산시,2010,11072.0,2011,263
CN_아산시,CN,아산시,2011,11093.0,2011,263
CN_서산시,CN,서산시,2000,21230.0,2009,265
CN_서산시,CN,서산시,2001,21312.0,2009,265
CN_서산시,CN,서산시,2002,21023.0,2009,265
CN_서산시,CN,서산시,2003,21011.0,2009,265
CN_서산시,CN,서산시,2004,20954.0,2009,265
CN_서산시,CN,서산시,2005,20936.0,2009,265
CN_서산시,CN,서산시,2006,21203.0,2009,265
CN_서산시,CN,서산시,2007,20995.0,2009,265
CN_서산시,CN,서산시,2008,20834.0,2009,265
CN_서산시,CN,서산시,2009,21012.0,2009,265
CN_서산시,CN,서산시,2010,20899.0,2009,265
CN_서산시,CN,서산시,2011,20544.0,2009,265
CN_논산시,CN,논산시,2000,14443.0,2009,267
CN_논산시,CN,논산시,2001,14304.0,2009,267
CN_논산시,CN,논산시,2002,14127.0,2009,267
CN_논산시,CN,논산시,2003,13772.0,2009,267
CN_논산시,CN,논산시,2004,13751.0,2009,267
CN_논산시,CN,논산시,2005,13403.0,2009,267
CN_논산시,CN,논산시,2006,13021.0,2009,267
CN_논산시,CN,논산시,2007,12996.0,2009,267
CN_논산시,CN,논산시,2008,13417.0,2009,267
CN_논산시,CN,논산시,2009,13293.0,2009,267
CN_논산시,CN,논산시,2010,12973.0,2009,267
CN_논산시,CN,논산시,2011,12677.0,2009,267
CN_계룡시,CN,계룡시,2000,,2012,269
CN_계룡시,CN,계룡시,2001,,2012,269
CN_계룡시,CN,계룡시,2002,,2012,269
CN_계룡시,CN,계룡시,2003,,2012,269
CN_계룡시,CN,계룡시,2004,,2012,269
CN_계룡시,CN,계룡시,2005,,2012,269
CN_계룡시,CN,계룡시,2006,273.0,2012,269
CN_계룡시,CN,계룡시,2007,270.0,2012,269
CN_계룡시,CN,계룡시,2008,299.0,2012,269
CN_계룡시,CN,계룡시,2009,272.0,2012,269
CN_계룡시,CN,계룡시,2010,277.0,2012,269
CN_계룡시,CN,계룡시,2011,273.0,2012,269
CN_당진시,CN,당진시,2000,,2012,271
CN_당진시,CN,당진시,2001,,2012,271
CN_당진시,CN,당진시,2002,,2012,271
CN_당진시,CN,당진시,2003,,2012,271
CN_당진시,CN,당진시,2004,,2012,271
CN_당진시,CN,당진시,2005,,2012,271
CN_당진시,CN,당진시,2006,,2012,271
CN_당진시,CN,당진시,2007,,2012,271
CN_당진시,CN,당진시,2008,,2012,271
CN_당진시,CN,당진시,2009,,2012,271
CN_당진시,CN,당진시,2010,,2012,271
CN_당진시,CN,당진시,2011,,2012,271
CN_금산군,CN,금산군,2000,3597.0,2012,273
CN_금산군,CN,금산군,2001,3526.0,2012,273
CN_금산군,CN,금산군,2002,3477.0,2012,273
CN_금산군,CN,금산군,2003,3272.0,2012,273
CN_금산군,CN,금산군,2004,2969.0,2012,273
CN_금산군,CN,금산군,2005,2702.0,2012,273
CN_금산군,CN,금산군,2006,2212.0,2012,273
CN_금산군,CN,금산군,2007,2111.0,2012,273
CN_금산군,CN,금산군,2008,2002.0,2012,273
CN_금산군,CN,금산군,2009,1987.0,2012,273
CN_금산군,CN,금산군,2010,2038.0,2012,273
CN_금산군,CN,금산군,2011,1617.0,2012,273
CN_연기군,CN,연기군,2000,5205.0,2012,275
CN_연기군,CN,연기군,2001,5191.0,2012,275
CN_연기군,CN,연기군,2002,5137.0,2012,275
CN_연기군,CN,연기군,2003,4942.0,2012,275
CN_연기군,CN,연기군,2004,4774.0,2012,275
CN_연기군,CN,연기군,2005,4645.0,2012,275
CN_연기군,CN,연기군,2006,4686.0,2012,275
CN_연기군,CN,연기군,2007,4477.0,2012,275
CN_연기군,CN,연기군,2008,4280.0,2012,275
CN_연기군,CN,연기군,2009,4235.0,2012,275
CN_연기군,CN,연기군,2010,3703.0,2012,275
CN_연기군,CN,연기군,2011,3439.0,2012,275
CN_부여군,CN,부여군,2000,13681.0,2012,277
CN_부여군,CN,부여군,2001,13661.0,2012,277
CN_부여군,CN,부여군,2002,13317.0,2012,277
CN_부여군,CN,부여군,2003,13147.0,2012,277
CN_부여군,CN,부여군,2004,12679.0,2012,277
CN_부여군,CN,부여군,2005,12472.0,2012,277
CN_부여군,CN,부여군,2006,12312.0,2012,277
CN_부여군,CN,부여군,2007,12415.0,2012,277
CN_부여군,CN,부여군,2008,11936.0,2012,277
CN_부여군,CN,부여군,2009,11774.0,2012,277
CN_부여군,CN,부여군,2010,10471.0,2012,277
CN_부여군,CN,부여군,2011,9901.0,2012,277
CN_서천군,CN,서천군,2000,11068.0,2012,279
CN_서천군,CN,서천군,2001,11030.0,2012,279
CN_서천군,CN,서천군,2002,10979.0,2012,279
CN_서천군,CN,서천군,2003,10852.0,2012,279
CN_서천군,CN,서천군,2004,10776.0,2012,279
CN_서천군,CN,서천군,2005,10683.0,2012,279
CN_서천군,CN,서천군,2006,10717.0,2012,279
CN_서천군,CN,서천군,2007,10625.0,2012,279
CN_서천군,CN,서천군,2008,10761.0,2012,279
CN_서천군,CN,서천군,2009,10676.0,2012,279
CN_서천군,CN,서천군,2010,10669.0,2012,279
CN_서천군,CN,서천군,2011,10515.0,2012,279
CN_청양군,CN,청양군,2000,7049.0,2012,281
CN_청양군,CN,청양군,2001,7058.0,2012,281
CN_청양군,CN,청양군,2002,6803.0,2012,281
CN_청양군,CN,청양군,2003,6614.0,2012,281
CN_청양군,CN,청양군,2004,6602.0,2012,281
CN_청양군,CN,청양군,2005,6575.0,2012,281
CN_청양군,CN,청양군,2006,6596.0,2012,281
CN_청양군,CN,청양군,2007,6640.0,2012,281
CN_청양군,CN,청양군,2008,6665.0,2012,281
CN_청양군,CN,청양군,2009,6540.0,2012,281
CN_청양군,CN,청양군,2010,6018.0,2012,281
CN_청양군,CN,청양군,2011,5938.0,2012,281
CN_홍성군,CN,홍성군,2000,10597.0,2012,283
CN_홍성군,CN,홍성군,2001,10562.0,2012,283
CN_홍성군,CN,홍성군,2002,10431.0,2012,283
CN_홍성군,CN,홍성군,2003,10187.0,2012,283
CN_홍성군,CN,홍성군,2004,10051.0,2012,283
CN_홍성군,CN,홍성군,2005,9976.0,2012,283
CN_홍성군,CN,홍성군,2006,10205.0,2012,283
CN_홍성군,CN,홍성군,2007,10122.0,2012,283
CN_홍성군,CN,홍성군,2008,10200.0,2012,283
CN_홍성군,CN,홍성군,2009,9868.0,2012,283
CN_홍성군,CN,홍성군,2010,9955.0,2012,283
CN_홍성군,CN,홍성군,2011,9909.0,2012,283
CN_예산군,CN,예산군,2000,12494.0,2011,285
CN_예산군,CN,예산군,2001,12477.0,2011,285
CN_예산군,CN,예산군,2002,12360.0,2011,285
CN_예산군,CN,예산군,2003,12182.0,2011,285
CN_예산군,CN,예산군,2004,12100.0,2011,285
CN_예산군,CN,예산군,2005,11890.0,2011,285
CN_예산군,CN,예산군,2006,11536.0,2011,285
CN_예산군,CN,예산군,2007,11513.0,2011,285
CN_예산군,CN,예산군,2008,11735.0,2011,285
CN_예산군,CN,예산군,2009,11867.0,2011,285
CN_예산군,CN,예산군,2010,11962.0,2011,285
CN_예산군,CN,예산군,2011,11928.0,2011,285
CN_태안군,CN,태안군,2000,10502.0,2012,287
CN_태안군,CN,태안군,2001,10385.0,2012,287
CN_태안군,CN,태안군,2002,10301.0,2012,287
CN_태안군,CN,태안군,2003,10159.0,2012,287
CN_태안군,CN,태안군,2004,10209.0,2012,287
CN_태안군,CN,태안군,2005,10119.0,2012,287
CN_태안군,CN,태안군,2006,10189.0,2012,287
CN_태안군,CN,태안군,2007,10278.0,2012,287
CN_태안군,CN,태안군,2008,10270.0,2012,287
CN_태안군,CN,태안군,2009,10081.0,2012,287
CN_태안군,CN,태안군,2010,9851.0,2012,287
CN_태안군,CN,태안군,2011,9899.0,2012,287
CN_당진군,CN,당진군,2000,21760.0,2009,289
CN_당진군,CN,당진군,2001,22255.0,2009,289
CN_당진군,CN,당진군,2002,22173.0,2009,289
CN_당진군,CN,당진군,2003,21808.0,2009,289
CN_당진군,CN,당진군,2004,22178.0,2009,289
CN_당진군,CN,당진군,2005,22209.0,2009,289
CN_당진군,CN,당진군,2006,21428.0,2009,289
CN_당진군,CN,당진군,2007,21363.0,2009,289
CN_당진군,CN,당진군,2008,21830.0,2009,289
CN_당진군,CN,당진군,2009,21294.0,2009,289
CN_당진군,CN,당진군,2010,20883.0,2009,289
CN_당진군,CN,당진군,2011,20537.0,2009,289
CN_대덕군,CN,대덕군,2000,,2012,291
CN_대덕군,CN,대덕군,2001,,2012,291
CN_대덕군,CN,대덕군,2002,,2012,291
CN_대덕군,CN,대덕군,2003,,2012,291
CN_대덕군,CN,대덕군,2004,,2012,291
CN_대덕군,CN,대덕군,2005,,2012,291
CN_대덕군,CN,대덕군,2006,,2012,291
CN_대덕군,CN,대덕군,2007,,2012,291
CN_대덕군,CN,대덕군,2008,,2012,291
CN_대덕군,CN,대덕군,2009,,2012,291
CN_대덕군,CN,대덕군,2010,,2012,291
CN_대덕군,CN,대덕군,2011,,2012,291
CN_공주군,CN,공주군,2000,,2012,293
CN_공주군,CN,공주군,2001,,2012,293
CN_공주군,CN,공주군,2002,,2012,293
CN_공주군,CN,공주군,2003,,2012,293
CN_공주군,CN,공주군,2004,,2012,293
CN_공주군,CN,공주군,2005,,2012,293
CN_공주군,CN,공주군,2006,,2012,293
CN_공주군,CN,공주군,2007,,2012,293
CN_공주군,CN,공주군,2008,,2012,293
CN_공주군,CN,공주군,2009,,2012,293
CN_공주군,CN,공주군,2010,,2012,293
CN_공주군,CN,공주군,2011,,2012,293
CN_논산군,CN,논산군,2000,,2012,295
CN_논산군,CN,논산군,2001,,2012,295
CN_논산군,CN,논산군,2002,,2012,295
CN_논산군,CN,논산군,2003,,2012,295
CN_논산군,CN,논산군,2004,,2012,295
CN_논산군,CN,논산군,2005,,2012,295
CN_논산군,CN,논산군,2006,,2012,295
CN_논산군,CN,논산군,2007,,2012,295
CN_논산군,CN,논산군,2008,,2012,295
CN_논산군,CN,논산군,2009,,2012,295
CN_논산군,CN,논산군,2010,,2012,295
CN_논산군,CN,논산군,2011,,2012,295
CN_보령군,CN,보령군,2000,,2012,297
CN_보령군,CN,보령군,2001,,2012,297
CN_보령군,CN,보령군,2002,,2012,297
CN_보령군,CN,보령군,2003,,2012,297
CN_보령군,CN,보령군,2004,,2012,297
CN_보령군,CN,보령군,2005,,2012,297
CN_보령군,CN,보령군,2006,,2012,297
CN_보령군,CN,보령군,2007,,2012,297
CN_보령군,CN,보령군,2008,,2012,297
CN_보령군,CN,보령군,2009,,2012,297
CN_보령군,CN,보령군,2010,,2012,297
CN_보령군,CN,보령군,2011,,2012,297
CN_서산군,CN,서산군,2000,,2012,299
CN_서산군,CN,서산군,2001,,2012,299
CN_서산군,CN,서산군,2002,,2012,299
CN_서산군,CN,서산군,2003,,2012,299
CN_서산군,CN,서산군,2004,,2012,299
CN_서산군,CN,서산군,2005,,2012,299
CN_서산군,CN,서산군,2006,,2012,299
CN_서산군,CN,서산군,2007,,2012,299
CN_서산군,CN,서산군,2008,,2012,299
CN_서산군,CN,서산군,2009,,2012,299
CN_서산군,CN,서산군,2010,,2012,299
CN_서산군,CN,서산군,2011,,2012,299
CN_아산군,CN,아산군,2000,,2012,301
CN_아산군,CN,아산군,2001,,2012,301
CN_아산군,CN,아산군,2002,,2012,301
CN_아산군,CN,아산군,2003,,2012,301
CN_아산군,CN,아산군,2004,,2012,301
CN_아산군,CN,아산군,2005,,2012,301
CN_아산군,CN,아산군,2006,,2012,301
CN_아산군,CN,아산군,2007,,2012,301
CN_아산군,CN,아산군,2008,,2012,301
CN_아산군,CN,아산군,2009,,2012,301
CN_아산군,CN,아산군,2010,,2012,301
CN_아산군,CN,아산군,2011,,2012,301
CN_천원군,CN,천원군,2000,,2012,303
CN_천원군,CN,천원군,2001,,2012,303
CN_천원군,CN,천원군,2002,,2012,303
CN_천원군,CN,천원군,2003,,2012,303
CN_천원군,CN,천원군,2004,,2012,303
CN_천원군,CN,천원군,2005,,2012,303
CN_천원군,CN,천원군,2006,,2012,303
CN_천원군,CN,천원군,2007,,2012,303
CN_천원군,CN,천원군,2008,,2012,303
CN_천원군,CN,천원군,2009,,2012,303
CN_천원군,CN,천원군,2010,,2012,303
CN_천원군,CN,천원군,2011,,2012,303
JB_전주시,JB,전주시,2000,4109.0,2012,307
JB_전주시,JB,전주시,2001,4151.0,2012,307
JB_전주시,JB,전주시,2002,4062.0,2012,307
JB_전주시,JB,전주시,2003,3856.0,2012,307
JB_전주시,JB,전주시,2004,3502.0,2012,307
JB_전주시,JB,전주시,2005,3500.0,2012,307
JB_전주시,JB,전주시,2006,3448.0,2012,307
JB_전주시,JB,전주시,2007,3571.0,2012,307
JB_전주시,JB,전주시,2008,3412.0,2012,307
JB_전주시,JB,전주시,2009,3285.0,2012,307
JB_전주시,JB,전주시,2010,2961.0,2012,307
JB_전주시,JB,전주시,2011,2773.0,2012,307
JB_군산시,JB,군산시,2000,13740.0,2012,309
JB_군산시,JB,군산시,2001,13657.0,2012,309
JB_군산시,JB,군산시,2002,13518.0,2012,309
JB_군산시,JB,군산시,2003,13404.0,2012,309
JB_군산시,JB,군산시,2004,13197.0,2012,309
JB_군산시,JB,군산시,2005,13087.0,2012,309
JB_군산시,JB,군산시,2006,13059.0,2012,309
JB_군산시,JB,군산시,2007,13133.0,2012,309
JB_군산시,JB,군산시,2008,13135.0,2012,309
JB_군산시,JB,군산시,2009,13139.0,2012,309
JB_군산시,JB,군산시,2010,13113.0,2012,309
JB_군산시,JB,군산시,2011,12996.0,2012,309
JB_이리시,JB,이리시,2000,,2012,311
JB_이리시,JB,이리시,2001,,2012,311
JB_이리시,JB,이리시,2002,,2012,311
JB_이리시,JB,이리시,2003,,2012,311
JB_이리시,JB,이리시,2004,,2012,311
JB_이리시,JB,이리시,2005,,2012,311
JB_이리시,JB,이리시,2006,,2012,311
JB_이리시,JB,이리시,2007,,2012,311
JB_이리시,JB,이리시,2008,,2012,311
JB_이리시,JB,이리시,2009,,2012,311
JB_이리시,JB,이리시,2010,,2012,311
JB_이리시,JB,이리시,2011,,2012,311
JB_익산시,JB,익산시,2000,20748.0,2009,313
JB_익산시,JB,익산시,2001,20767.0,2009,313
JB_익산시,JB,익산시,2002,20552.0,2009,313
JB_익산시,JB,익산시,2003,20402.0,2009,313
JB_익산시,JB,익산시,2004,20197.0,2009,313
JB_익산시,JB,익산시,2005,19765.0,2009,313
JB_익산시,JB,익산시,2006,19937.0,2009,313
JB_익산시,JB,익산시,2007,19751.0,2009,313
JB_익산시,JB,익산시,2008,19827.0,2009,313
JB_익산시,JB,익산시,2009,19299.0,2009,313
JB_익산시,JB,익산시,2010,18303.0,2009,313
JB_익산시,JB,익산시,2011,18133.0,2009,313
JB_정읍시,JB,정읍시,2000,17927.0,2011,315
JB_정읍시,JB,정읍시,2001,17945.0,2011,315
JB_정읍시,JB,정읍시,2002,17593.0,2011,315
JB_정읍시,JB,정읍시,2003,16936.0,2011,315
JB_정읍시,JB,정읍시,2004,16799.0,2011,315
JB_정읍시,JB,정읍시,2005,16681.0,2011,315
JB_정읍시,JB,정읍시,2006,16413.0,2011,315
JB_정읍시,JB,정읍시,2007,16578.0,2011,315
JB_정읍시,JB,정읍시,2008,16110.0,2011,315
JB_정읍시,JB,정읍시,2009,15692.0,2011,315
JB_정읍시,JB,정읍시,2010,15396.0,2011,315
JB_정읍시,JB,정읍시,2011,15164.0,2011,315
JB_남원시,JB,남원시,2000,12304.0,2012,317
JB_남원시,JB,남원시,2001,12208.0,2012,317
JB_남원시,JB,남원시,2002,12151.0,2012,317
JB_남원시,JB,남원시,2003,11838.0,2012,317
JB_남원시,JB,남원시,2004,11732.0,2012,317
JB_남원시,JB,남원시,2005,11550.0,2012,317
JB_남원시,JB,남원시,2006,11330.0,2012,317
JB_남원시,JB,남원시,2007,11310.0,2012,317
JB_남원시,JB,남원시,2008,11134.0,2012,317
JB_남원시,JB,남원시,2009,10935.0,2012,317
JB_남원시,JB,남원시,2010,10821.0,2012,317
JB_남원시,JB,남원시,2011,10645.0,2012,317
JB_김제시,JB,김제시,2000,23480.0,2009,319
JB_김제시,JB,김제시,2001,23399.0,2009,319
JB_김제시,JB,김제시,2002,23468.0,2009,319
JB_김제시,JB,김제시,2003,23293.0,2009,319
JB_김제시,JB,김제시,2004,23257.0,2009,319
JB_김제시,JB,김제시,2005,23206.0,2009,319
JB_김제시,JB,김제시,2006,23222.0,2009,319
JB_김제시,JB,김제시,2007,23362.0,2009,319
JB_김제시,JB,김제시,2008,23112.0,2009,319
JB_김제시,JB,김제시,2009,22811.0,2009,319
JB_김제시,JB,김제시,2010,22421.0,2009,319
JB_김제시,JB,김제시,2011,21861.0,2009,319
JB_완주군,JB,완주군,2000,7176.0,2012,321
JB_완주군,JB,완주군,2001,7189.0,2012,321
JB_완주군,JB,완주군,2002,6687.0,2012,321
JB_완주군,JB,완주군,2003,6181.0,2012,321
JB_완주군,JB,완주군,2004,5915.0,2012,321
JB_완주군,JB,완주군,2005,5722.0,2012,321
JB_완주군,JB,완주군,2006,5538.0,2012,321
JB_완주군,JB,완주군,2007,5521.0,2012,321
JB_완주군,JB,완주군,2008,5407.0,2012,321
JB_완주군,JB,완주군,2009,5261.0,2012,321
JB_완주군,JB,완주군,2010,4889.0,2012,321
JB_완주군,JB,완주군,2011,4675.0,2012,321
JB_진안군,JB,진안군,2000,4144.0,2012,323
JB_진안군,JB,진안군,2001,4091.0,2012,323
JB_진안군,JB,진안군,2002,3936.0,2012,323
JB_진안군,JB,진안군,2003,3710.0,2012,323
JB_진안군,JB,진안군,2004,3419.0,2012,323
JB_진안군,JB,진안군,2005,3132.0,2012,323
JB_진안군,JB,진안군,2006,3126.0,2012,323
JB_진안군,JB,진안군,2007,3463.0,2012,323
JB_진안군,JB,진안군,2008,3318.0,2012,323
JB_진안군,JB,진안군,2009,3124.0,2012,323
JB_진안군,JB,진안군,2010,2923.0,2012,323
JB_진안군,JB,진안군,2011,2668.0,2012,323
JB_무주군,JB,무주군,2000,2591.0,2012,325
JB_무주군,JB,무주군,2001,2584.0,2012,325
JB_무주군,JB,무주군,2002,2450.0,2012,325
JB_무주군,JB,무주군,2003,2177.0,2012,325
JB_무주군,JB,무주군,2004,2087.0,2012,325
JB_무주군,JB,무주군,2005,1911.0,2012,325
JB_무주군,JB,무주군,2006,1676.0,2012,325
JB_무주군,JB,무주군,2007,1763.0,2012,325
JB_무주군,JB,무주군,2008,1848.0,2012,325
JB_무주군,JB,무주군,2009,1781.0,2012,325
JB_무주군,JB,무주군,2010,1645.0,2012,325
JB_무주군,JB,무주군,2011,1402.0,2012,325
JB_장수군,JB,장수군,2000,4330.0,2012,327
JB_장수군,JB,장수군,2001,4356.0,2012,327
JB_장수군,JB,장수군,2002,4290.0,2012,327
JB_장수군,JB,장수군,2003,4076.0,2012,327
JB_장수군,JB,장수군,2004,4038.0,2012,327
JB_장수군,JB,장수군,2005,3992.0,2012,327
JB_장수군,JB,장수군,2006,3501.0,2012,327
JB_장수군,JB,장수군,2007,3644.0,2012,327
JB_장수군,JB,장수군,2008,3559.0,2012,327
JB_장수군,JB,장수군,2009,3477.0,2012,327
JB_장수군,JB,장수군,2010,3192.0,2012,327
JB_장수군,JB,장수군,2011,3120.0,2012,327
JB_임실군,JB,임실군,2000,5723.0,2012,329
JB_임실군,JB,임실군,2001,5758.0,2012,329
JB_임실군,JB,임실군,2002,5607.0,2012,329
JB_임실군,JB,임실군,2003,5492.0,2012,329
JB_임실군,JB,임실군,2004,5390.0,2012,329
JB_임실군,JB,임실군,2005,5294.0,2012,329
JB_임실군,JB,임실군,2006,5084.0,2012,329
JB_임실군,JB,임실군,2007,5149.0,2012,329
JB_임실군,JB,임실군,2008,4966.0,2012,329
JB_임실군,JB,임실군,2009,4855.0,2012,329
JB_임실군,JB,임실군,2010,4627.0,2012,329
JB_임실군,JB,임실군,2011,4378.0,2012,329
JB_순창군,JB,순창군,2000,7198.0,2012,331
JB_순창군,JB,순창군,2001,7154.0,2012,331
JB_순창군,JB,순창군,2002,6957.0,2012,331
JB_순창군,JB,순창군,2003,6676.0,2012,331
JB_순창군,JB,순창군,2004,6609.0,2012,331
JB_순창군,JB,순창군,2005,6373.0,2012,331
JB_순창군,JB,순창군,2006,6371.0,2012,331
JB_순창군,JB,순창군,2007,6322.0,2012,331
JB_순창군,JB,순창군,2008,6216.0,2012,331
JB_순창군,JB,순창군,2009,6274.0,2012,331
JB_순창군,JB,순창군,2010,5950.0,2012,331
JB_순창군,JB,순창군,2011,5631.0,2012,331
JB_고창군,JB,고창군,2000,14918.0,2011,333
JB_고창군,JB,고창군,2001,14997.0,2011,333
JB_고창군,JB,고창군,2002,14903.0,2011,333
JB_고창군,JB,고창군,2003,14587.0,2011,333
JB_고창군,JB,고창군,2004,14427.0,2011,333
JB_고창군,JB,고창군,2005,14365.0,2011,333
JB_고창군,JB,고창군,2006,14458.0,2011,333
JB_고창군,JB,고창군,2007,14471.0,2011,333
JB_고창군,JB,고창군,2008,14424.0,2011,333
JB_고창군,JB,고창군,2009,14085.0,2011,333
JB_고창군,JB,고창군,2010,13614.0,2011,333
JB_고창군,JB,고창군,2011,13118.0,2011,333
JB_부안군,JB,부안군,2000,15011.0,2009,335
JB_부안군,JB,부안군,2001,15041.0,2009,335
JB_부안군,JB,부안군,2002,14953.0,2009,335
JB_부안군,JB,부안군,2003,14783.0,2009,335
JB_부안군,JB,부안군,2004,14717.0,2009,335
JB_부안군,JB,부안군,2005,14821.0,2009,335
JB_부안군,JB,부안군,2006,14830.0,2009,335
JB_부안군,JB,부안군,2007,14766.0,2009,335
JB_부안군,JB,부안군,2008,14693.0,2009,335
JB_부안군,JB,부안군,2009,14427.0,2009,335
JB_부안군,JB,부안군,2010,14268.0,2009,335
JB_부안군,JB,부안군,2011,13985.0,2009,335
JB_남원군,JB,남원군,2000,,2012,337
JB_남원군,JB,남원군,2001,,2012,337
JB_남원군,JB,남원군,2002,,2012,337
JB_남원군,JB,남원군,2003,,2012,337
JB_남원군,JB,남원군,2004,,2012,337
JB_남원군,JB,남원군,2005,,2012,337
JB_남원군,JB,남원군,2006,,2012,337
JB_남원군,JB,남원군,2007,,2012,337
JB_남원군,JB,남원군,2008,,2012,337
JB_남원군,JB,남원군,2009,,2012,337
JB_남원군,JB,남원군,2010,,2012,337
JB_남원군,JB,남원군,2011,,2012,337
JB_정읍군,JB,정읍군,2000,,2012,339
JB_정읍군,JB,정읍군,2001,,2012,339
JB_정읍군,JB,정읍군,2002,,2012,339
JB_정읍군,JB,정읍군,2003,,2012,339
JB_정읍군,JB,정읍군,2004,,2012,339
JB_정읍군,JB,정읍군,2005,,2012,339
JB_정읍군,JB,정읍군,2006,,2012,339
JB_정읍군,JB,정읍군,2007,,2012,339
JB_정읍군,JB,정읍군,2008,,2012,339
JB_정읍군,JB,정읍군,2009,,2012,339
JB_정읍군,JB,정읍군,2010,,2012,339
JB_정읍군,JB,정읍군,2011,,2012,339
JB_김제군,JB,김제군,2000,,2012,341
JB_김제군,JB,김제군,2001,,2012,341
JB_김제군,JB,김제군,2002,,2012,341
JB_김제군,JB,김제군,2003,,2012,341
JB_김제군,JB,김제군,2004,,2012,341
JB_김제군,JB,김제군,2005,,2012,341
JB_김제군,JB,김제군,2006,,2012,341
JB_김제군,JB,김제군,2007,,2012,341
JB_김제군,JB,김제군,2008,,2012,341
JB_김제군,JB,김제군,2009,,2012,341
JB_김제군,JB,김제군,2010,,2012,341
JB_김제군,JB,김제군,2011,,2012,341
JB_옥구군,JB,옥구군,2000,,2012,343
JB_옥구군,JB,옥구군,2001,,2012,343
JB_옥구군,JB,옥구군,2002,,2012,343
JB_옥구군,JB,옥구군,2003,,2012,343
JB_옥구군,JB,옥구군,2004,,2012,343
JB_옥구군,JB,옥구군,2005,,2012,343
JB_옥구군,JB,옥구군,2006,,2012,343
JB_옥구군,JB,옥구군,2007,,2012,343
JB_옥구군,JB,옥구군,2008,,2012,343
JB_옥구군,JB,옥구군,2009,,2012,343
JB_옥구군,JB,옥구군,2010,,2012,343
JB_옥구군,JB,옥구군,2011,,2012,343
JB_익산군,JB,익산군,2000,,2012,345
JB_익산군,JB,익산군,2001,,2012,345
JB_익산군,JB,익산군,2002,,2012,345
JB_익산군,JB,익산군,2003,,2012,345
JB_익산군,JB,익산군,2004,,2012,345
JB_익산군,JB,익산군,2005,,2012,345
JB_익산군,JB,익산군,2006,,2012,345
JB_익산군,JB,익산군,2007,,2012,345
JB_익산군,JB,익산군,2008,,2012,345
JB_익산군,JB,익산군,2009,,2012,345
JB_익산군,JB,익산군,2010,,2012,345
JB_익산군,JB,익산군,2011,,2012,345
GB_대구시,GB,대구시,2000,,2012,349
GB_대구시,GB,대구시,2001,,2012,349
GB_대구시,GB,대구시,2002,,2012,349
GB_대구시,GB,대구시,2003,,2012,349
GB_대구시,GB,대구시,2004,,2012,349
GB_대구시,GB,대구시,2005,,2012,349
GB_대구시,GB,대구시,2006,,2012,349
GB_대구시,GB,대구시,2007,,2012,349
GB_대구시,GB,대구시,2008,,2012,349
GB_대구시,GB,대구시,2009,,2012,349
GB_대구시,GB,대구시,2010,,2012,349
GB_대구시,GB,대구시,2011,,2012,349
GB_포항시,GB,포항시,2000,9443.0,2012,351
GB_포항시,GB,포항시,2001,9549.0,2012,351
GB_포항시,GB,포항시,2002,9500.0,2012,351
GB_포항시,GB,포항시,2003,9274.0,2012,351
GB_포항시,GB,포항시,2004,9141.0,2012,351
GB_포항시,GB,포항시,2005,9005.0,2012,351
GB_포항시,GB,포항시,2006,8477.0,2012,351
GB_포항시,GB,포항시,2007,8786.0,2012,351
GB_포항시,GB,포항시,2008,8457.0,2012,351
GB_포항시,GB,포항시,2009,8343.0,2012,351
GB_포항시,GB,포항시,2010,8317.0,2012,351
GB_포항시,GB,포항시,2011,8031.0,2012,351
GB_경주시,GB,경주시,2000,15790.0,2011,353
GB_경주시,GB,경주시,2001,15943.0,2011,353
GB_경주시,GB,경주시,2002,15781.0,2011,353
GB_경주시,GB,경주시,2003,15209.0,2011,353
GB_경주시,GB,경주시,2004,15094.0,2011,353
GB_경주시,GB,경주시,2005,14915.0,2011,353
GB_경주시,GB,경주시,2006,14438.0,2011,353
GB_경주시,GB,경주시,2007,14471.0,2011,353
GB_경주시,GB,경주시,2008,14297.0,2011,353
GB_경주시,GB,경주시,2009,14154.0,2011,353
GB_경주시,GB,경주시,2010,13810.0,2011,353
GB_경주시,GB,경주시,2011,13569.0,2011,353
GB_김천시,GB,김천시,2000,6735.0,2012,355
GB_김천시,GB,김천시,2001,6821.0,2012,355
GB_김천시,GB,김천시,2002,6646.0,2012,355
GB_김천시,GB,김천시,2003,6273.0,2012,355
GB_김천시,GB,김천시,2004,6152.0,2012,355
GB_김천시,GB,김천시,2005,5995.0,2012,355
GB_김천시,GB,김천시,2006,6030.0,2012,355
GB_김천시,GB,김천시,2007,5973.0,2012,355
GB_김천시,GB,김천시,2008,5759.0,2012,355
GB_김천시,GB,김천시,2009,5658.0,2012,355
GB_김천시,GB,김천시,2010,5430.0,2012,355
GB_김천시,GB,김천시,2011,5105.0,2012,355
GB_안동시,GB,안동시,2000,7402.0,2012,357
GB_안동시,GB,안동시,2001,7557.0,2012,357
GB_안동시,GB,안동시,2002,7501.0,2012,357
GB_안동시,GB,안동시,2003,7184.0,2012,357
GB_안동시,GB,안동시,2004,7112.0,2012,357
GB_안동시,GB,안동시,2005,6718.0,2012,357
GB_안동시,GB,안동시,2006,6811.0,2012,357
GB_안동시,GB,안동시,2007,6799.0,2012,357
GB_안동시,GB,안동시,2008,6909.0,2012,357
GB_안동시,GB,안동시,2009,7020.0,2012,357
GB_안동시,GB,안동시,2010,6444.0,2012,357
GB_안동시,GB,안동시,2011,5761.0,2012,357
GB_구미시,GB,구미시,2000,8789.0,2009,359
GB_구미시,GB,구미시,2001,8997.0,2009,359
GB_구미시,GB,구미시,2002,8643.0,2009,359
GB_구미시,GB,구미시,2003,8562.0,2009,359
GB_구미시,GB,구미시,2004,8384.0,2009,359
GB_구미시,GB,구미시,2005,8373.0,2009,359
GB_구미시,GB,구미시,2006,7997.0,2009,359
GB_구미시,GB,구미시,2007,7972.0,2009,359
GB_구미시,GB,구미시,2008,7877.0,2009,359
GB_구미시,GB,구미시,2009,7800.0,2009,359
GB_구미시,GB,구미시,2010,5851.0,2009,359
GB_구미시,GB,구미시,2011,5656.0,2009,359
GB_영주시,GB,영주시,2000,5890.0,2012,361
GB_영주시,GB,영주시,2001,5995.0,2012,361
GB_영주시,GB,영주시,2002,6043.0,2012,361
GB_영주시,GB,영주시,2003,5725.0,2012,361
GB_영주시,GB,영주시,2004,5468.0,2012,361
GB_영주시,GB,영주시,2005,5258.0,2012,361
GB_영주시,GB,영주시,2006,4940.0,2012,361
GB_영주시,GB,영주시,2007,4990.0,2012,361
GB_영주시,GB,영주시,2008,4958.0,2012,361
GB_영주시,GB,영주시,2009,5328.0,2012,361
GB_영주시,GB,영주시,2010,5114.0,2012,361
GB_영주시,GB,영주시,2011,4987.0,2012,361
GB_영천시,GB,영천시,2000,5305.0,2012,363
GB_영천시,GB,영천시,2001,5517.0,2012,363
GB_영천시,GB,영천시,2002,5296.0,2012,363
GB_영천시,GB,영천시,2003,5030.0,2012,363
GB_영천시,GB,영천시,2004,4936.0,2012,363
GB_영천시,GB,영천시,2005,4594.0,2012,363
GB_영천시,GB,영천시,2006,4450.0,2012,363
GB_영천시,GB,영천시,2007,4482.0,2012,363
GB_영천시,GB,영천시,2008,4372.0,2012,363
GB_영천시,GB,영천시,2009,4293.0,2012,363
GB_영천시,GB,영천시,2010,4017.0,2012,363
GB_영천시,GB,영천시,2011,3801.0,2012,363
GB_상주시,GB,상주시,2000,16882.0,2009,365
GB_상주시,GB,상주시,2001,17093.0,2009,365
GB_상주시,GB,상주시,2002,16913.0,2009,365
GB_상주시,GB,상주시,2003,16341.0,2009,365
GB_상주시,GB,상주시,2004,16101.0,2009,365
GB_상주시,GB,상주시,2005,15627.0,2009,365
GB_상주시,GB,상주시,2006,15070.0,2009,365
GB_상주시,GB,상주시,2007,14945.0,2009,365
GB_상주시,GB,상주시,2008,14670.0,2009,365
GB_상주시,GB,상주시,2009,14257.0,2009,365
GB_상주시,GB,상주시,2010,13887.0,2009,365
GB_상주시,GB,상주시,2011,13359.0,2009,365
GB_문경시,GB,문경시,2000,5934.0,2012,367
GB_문경시,GB,문경시,2001,5939.0,2012,367
GB_문경시,GB,문경시,2002,5827.0,2012,367
GB_문경시,GB,문경시,2003,5653.0,2012,367
GB_문경시,GB,문경시,2004,5456.0,2012,367
GB_문경시,GB,문경시,2005,5292.0,2012,367
GB_문경시,GB,문경시,2006,5122.0,2012,367
GB_문경시,GB,문경시,2007,5280.0,2012,367
GB_문경시,GB,문경시,2008,5228.0,2012,367
GB_문경시,GB,문경시,2009,5273.0,2012,367
GB_문경시,GB,문경시,2010,5159.0,2012,367
GB_문경시,GB,문경시,2011,4982.0,2012,367
GB_경산시,GB,경산시,2000,1867.0,2012,369
GB_경산시,GB,경산시,2001,1839.0,2012,369
GB_경산시,GB,경산시,2002,1748.0,2012,369
GB_경산시,GB,경산시,2003,1569.0,2012,369
GB_경산시,GB,경산시,2004,1559.0,2012,369
GB_경산시,GB,경산시,2005,1484.0,2012,369
GB_경산시,GB,경산시,2006,1698.0,2012,369
GB_경산시,GB,경산시,2007,1694.0,2012,369
GB_경산시,GB,경산시,2008,1684.0,2012,369
GB_경산시,GB,경산시,2009,1619.0,2012,369
GB_경산시,GB,경산시,2010,1525.0,2012,369
GB_경산시,GB,경산시,2011,1493.0,2012,369
GB_군위군,GB,군위군,2000,3138.0,2012,371
GB_군위군,GB,군위군,2001,3320.0,2012,371
GB_군위군,GB,군위군,2002,3244.0,2012,371
GB_군위군,GB,군위군,2003,3130.0,2012,371
GB_군위군,GB,군위군,2004,3099.0,2012,371
GB_군위군,GB,군위군,2005,2961.0,2012,371
GB_군위군,GB,군위군,2006,2764.0,2012,371
GB_군위군,GB,군위군,2007,2775.0,2012,371
GB_군위군,GB,군위군,2008,2776.0,2012,371
GB_군위군,GB,군위군,2009,2661.0,2012,371
GB_군위군,GB,군위군,2010,2778.0,2012,371
GB_군위군,GB,군위군,2011,2685.0,2012,371
GB_의성군,GB,의성군,2000,11317.0,2011,373
GB_의성군,GB,의성군,2001,11416.0,2011,373
GB_의성군,GB,의성군,2002,11231.0,2011,373
GB_의성군,GB,의성군,2003,11208.0,2011,373
GB_의성군,GB,의성군,2004,11128.0,2011,373
GB_의성군,GB,의성군,2005,10819.0,2011,373
GB_의성군,GB,의성군,2006,11191.0,2011,373
GB_의성군,GB,의성군,2007,11250.0,2011,373
GB_의성군,GB,의성군,2008,11232.0,2011,373
GB_의성군,GB,의성군,2009,11129.0,2011,373
GB_의성군,GB,의성군,2010,11121.0,2011,373
GB_의성군,GB,의성군,2011,10650.0,2011,373
GB_청송군,GB,청송군,2000,1747.0,2012,375
GB_청송군,GB,청송군,2001,1793.0,2012,375
GB_청송군,GB,청송군,2002,1678.0,2012,375
GB_청송군,GB,청송군,2003,1671.0,2012,375
GB_청송군,GB,청송군,2004,1642.0,2012,375
GB_청송군,GB,청송군,2005,1526.0,2012,375
GB_청송군,GB,청송군,2006,1544.0,2012,375
GB_청송군,GB,청송군,2007,1588.0,2012,375
GB_청송군,GB,청송군,2008,1473.0,2012,375
GB_청송군,GB,청송군,2009,1474.0,2012,375
GB_청송군,GB,청송군,2010,1362.0,2012,375
GB_청송군,GB,청송군,2011,1261.0,2012,375
GB_영양군,GB,영양군,2000,1356.0,2012,377
GB_영양군,GB,영양군,2001,1411.0,2012,377
GB_영양군,GB,영양군,2002,1237.0,2012,377
GB_영양군,GB,영양군,2003,1279.0,2012,377
GB_영양군,GB,영양군,2004,1225.0,2012,377
GB_영양군,GB,영양군,2005,1196.0,2012,377
GB_영양군,GB,영양군,2006,1030.0,2012,377
GB_영양군,GB,영양군,2007,1084.0,2012,377
GB_영양군,GB,영양군,2008,1057.0,2012,377
GB_영양군,GB,영양군,2009,1149.0,2012,377
GB_영양군,GB,영양군,2010,1174.0,2012,377
GB_영양군,GB,영양군,2011,932.0,2012,377
GB_영덕군,GB,영덕군,2000,3139.0,2012,379
GB_영덕군,GB,영덕군,2001,3151.0,2012,379
GB_영덕군,GB,영덕군,2002,3090.0,2012,379
GB_영덕군,GB,영덕군,2003,2981.0,2012,379
GB_영덕군,GB,영덕군,2004,2940.0,2012,379
GB_영덕군,GB,영덕군,2005,2882.0,2012,379
GB_영덕군,GB,영덕군,2006,2839.0,2012,379
GB_영덕군,GB,영덕군,2007,2826.0,2012,379
GB_영덕군,GB,영덕군,2008,2866.0,2012,379
GB_영덕군,GB,영덕군,2009,2821.0,2012,379
GB_영덕군,GB,영덕군,2010,2648.0,2012,379
GB_영덕군,GB,영덕군,2011,2266.0,2012,379
GB_청도군,GB,청도군,2000,4180.0,2012,381
GB_청도군,GB,청도군,2001,4122.0,2012,381
GB_청도군,GB,청도군,2002,3990.0,2012,381
GB_청도군,GB,청도군,2003,3739.0,2012,381
GB_청도군,GB,청도군,2004,3544.0,2012,381
GB_청도군,GB,청도군,2005,3381.0,2012,381
GB_청도군,GB,청도군,2006,3425.0,2012,381
GB_청도군,GB,청도군,2007,3436.0,2012,381
GB_청도군,GB,청도군,2008,3414.0,2012,381
GB_청도군,GB,청도군,2009,3378.0,2012,381
GB_청도군,GB,청도군,2010,3205.0,2012,381
GB_청도군,GB,청도군,2011,3033.0,2012,381
GB_고령군,GB,고령군,2000,4697.0,2012,383
GB_고령군,GB,고령군,2001,4700.0,2012,383
GB_고령군,GB,고령군,2002,4540.0,2012,383
GB_고령군,GB,고령군,2003,4608.0,2012,383
GB_고령군,GB,고령군,2004,4477.0,2012,383
GB_고령군,GB,고령군,2005,4389.0,2012,383
GB_고령군,GB,고령군,2006,3990.0,2012,383
GB_고령군,GB,고령군,2007,4170.0,2012,383
GB_고령군,GB,고령군,2008,3968.0,2012,383
GB_고령군,GB,고령군,2009,3991.0,2012,383
GB_고령군,GB,고령군,2010,3617.0,2012,383
GB_고령군,GB,고령군,2011,3312.0,2012,383
GB_성주군,GB,성주군,2000,4305.0,2012,385
GB_성주군,GB,성주군,2001,4380.0,2012,385
GB_성주군,GB,성주군,2002,4311.0,2012,385
GB_성주군,GB,성주군,2003,3654.0,2012,385
GB_성주군,GB,성주군,2004,3707.0,2012,385
GB_성주군,GB,성주군,2005,3561.0,2012,385
GB_성주군,GB,성주군,2006,3456.0,2012,385
GB_성주군,GB,성주군,2007,3527.0,2012,385
GB_성주군,GB,성주군,2008,3632.0,2012,385
GB_성주군,GB,성주군,2009,3568.0,2012,385
GB_성주군,GB,성주군,2010,3168.0,2012,385
GB_성주군,GB,성주군,2011,3013.0,2012,385
GB_칠곡군,GB,칠곡군,2000,3376.0,2012,387
GB_칠곡군,GB,칠곡군,2001,3517.0,2012,387
GB_칠곡군,GB,칠곡군,2002,3435.0,2012,387
GB_칠곡군,GB,칠곡군,2003,3196.0,2012,387
GB_칠곡군,GB,칠곡군,2004,3158.0,2012,387
GB_칠곡군,GB,칠곡군,2005,2963.0,2012,387
GB_칠곡군,GB,칠곡군,2006,2908.0,2012,387
GB_칠곡군,GB,칠곡군,2007,2877.0,2012,387
GB_칠곡군,GB,칠곡군,2008,3014.0,2012,387
GB_칠곡군,GB,칠곡군,2009,2829.0,2012,387
GB_칠곡군,GB,칠곡군,2010,2613.0,2012,387
GB_칠곡군,GB,칠곡군,2011,2442.0,2012,387
GB_예천군,GB,예천군,2000,10820.0,2012,389
GB_예천군,GB,예천군,2001,10904.0,2012,389
GB_예천군,GB,예천군,2002,10823.0,2012,389
GB_예천군,GB,예천군,2003,10536.0,2012,389
GB_예천군,GB,예천군,2004,10534.0,2012,389
GB_예천군,GB,예천군,2005,9976.0,2012,389
GB_예천군,GB,예천군,2006,9805.0,2012,389
GB_예천군,GB,예천군,2007,9862.0,2012,389
GB_예천군,GB,예천군,2008,9893.0,2012,389
GB_예천군,GB,예천군,2009,9663.0,2012,389
GB_예천군,GB,예천군,2010,9275.0,2012,389
GB_예천군,GB,예천군,2011,8566.0,2012,389
GB_봉화군,GB,봉화군,2000,3581.0,2012,391
GB_봉화군,GB,봉화군,2001,3658.0,2012,391
GB_봉화군,GB,봉화군,2002,3509.0,2012,391
GB_봉화군,GB,봉화군,2003,3479.0,2012,391
GB_봉화군,GB,봉화군,2004,3380.0,2012,391
GB_봉화군,GB,봉화군,2005,3315.0,2012,391
GB_봉화군,GB,봉화군,2006,3204.0,2012,391
GB_봉화군,GB,봉화군,2007,3276.0,2012,391
GB_봉화군,GB,봉화군,2008,3272.0,2012,391
GB_봉화군,GB,봉화군,2009,3236.0,2012,391
GB_봉화군,GB,봉화군,2010,3284.0,2012,391
GB_봉화군,GB,봉화군,2011,3014.0,2012,391
GB_울진군,GB,울진군,2000,3720.0,2012,393
GB_울진군,GB,울진군,2001,3719.0,2012,393
GB_울진군,GB,울진군,2002,3687.0,2012,393
GB_울진군,GB,울진군,2003,3528.0,2012,393
GB_울진군,GB,울진군,2004,3391.0,2012,393
GB_울진군,GB,울진군,2005,3260.0,2012,393
GB_울진군,GB,울진군,2006,3105.0,2012,393
GB_울진군,GB,울진군,2007,3068.0,2012,393
GB_울진군,GB,울진군,2008,2870.0,2012,393
GB_울진군,GB,울진군,2009,2797.0,2012,393
GB_울진군,GB,울진군,2010,2673.0,2012,393
GB_울진군,GB,울진군,2011,2540.0,2012,393
GB_울릉군,GB,울릉군,2000,,2012,395
GB_울릉군,GB,울릉군,2001,,2012,395
GB_울릉군,GB,울릉군,2002,,2012,395
GB_울릉군,GB,울릉군,2003,,2012,395
GB_울릉군,GB,울릉군,2004,,2012,395
GB_울릉군,GB,울릉군,2005,,2012,395
GB_울릉군,GB,울릉군,2006,,2012,395
GB_울릉군,GB,울릉군,2007,,2012,395
GB_울릉군,GB,울릉군,2008,,2012,395
GB_울릉군,GB,울릉군,2009,,2012,395
GB_울릉군,GB,울릉군,2010,,2012,395
GB_울릉군,GB,울릉군,2011,,2012,395
GB_달성군,GB,달성군,2000,,2012,397
GB_달성군,GB,달성군,2001,,2012,397
GB_달성군,GB,달성군,2002,,2012,397
GB_달성군,GB,달성군,2003,,2012,397
GB_달성군,GB,달성군,2004,,2012,397
GB_달성군,GB,달성군,2005,,2012,397
GB_달성군,GB,달성군,2006,,2012,397
GB_달성군,GB,달성군,2007,,2012,397
GB_달성군,GB,달성군,2008,,2012,397
GB_달성군,GB,달성군,2009,,2012,397
GB_달성군,GB,달성군,2010,,2012,397
GB_달성군,GB,달성군,2011,,2012,397
GB_안동군,GB,안동군,2000,,2012,399
GB_안동군,GB,안동군,2001,,2012,399
GB_안동군,GB,안동군,2002,,2012,399
GB_안동군,GB,안동군,2003,,2012,399
GB_안동군,GB,안동군,2004,,2012,399
GB_안동군,GB,안동군,2005,,2012,399
GB_안동군,GB,안동군,2006,,2012,399
GB_안동군,GB,안동군,2007,,2012,399
GB_안동군,GB,안동군,2008,,2012,399
GB_안동군,GB,안동군,2009,,2012,399
GB_안동군,GB,안동군,2010,,2012,399
GB_안동군,GB,안동군,2011,,2012,399
GB_영일군,GB,영일군,2000,,2012,401
GB_영일군,GB,영일군,2001,,2012,401
GB_영일군,GB,영일군,2002,,2012,401
GB_영일군,GB,영일군,2003,,2012,401
GB_영일군,GB,영일군,2004,,2012,401
GB_영일군,GB,영일군,2005,,2012,401
GB_영일군,GB,영일군,2006,,2012,401
GB_영일군,GB,영일군,2007,,2012,401
GB_영일군,GB,영일군,2008,,2012,401
GB_영일군,GB,영일군,2009,,2012,401
GB_영일군,GB,영일군,2010,,2012,401
GB_영일군,GB,영일군,2011,,2012,401
GB_월성군,GB,월성군,2000,,2012,403
GB_월성군,GB,월성군,2001,,2012,403
GB_월성군,GB,월성군,2002,,2012,403
GB_월성군,GB,월성군,2003,,2012,403
GB_월성군,GB,월성군,2004,,2012,403
GB_월성군,GB,월성군,2005,,2012,403
GB_월성군,GB,월성군,2006,,2012,403
GB_월성군,GB,월성군,2007,,2012,403
GB_월성군,GB,월성군,2008,,2012,403
GB_월성군,GB,월성군,2009,,2012,403
GB_월성군,GB,월성군,2010,,2012,403
GB_월성군,GB,월성군,2011,,2012,403
GB_영천군,GB,영천군,2000,,2012,405
GB_영천군,GB,영천군,2001,,2012,405
GB_영천군,GB,영천군,2002,,2012,405
GB_영천군,GB,영천군,2003,,2012,405
GB_영천군,GB,영천군,2004,,2012,405
GB_영천군,GB,영천군,2005,,2012,405
GB_영천군,GB,영천군,2006,,2012,405
GB_영천군,GB,영천군,2007,,2012,405
GB_영천군,GB,영천군,2008,,2012,405
GB_영천군,GB,영천군,2009,,2012,405
GB_영천군,GB,영천군,2010,,2012,405
GB_영천군,GB,영천군,2011,,2012,405
GB_경산군,GB,경산군,2000,,2012,407
GB_경산군,GB,경산군,2001,,2012,407
GB_경산군,GB,경산군,2002,,2012,407
GB_경산군,GB,경산군,2003,,2012,407
GB_경산군,GB,경산군,2004,,2012,407
GB_경산군,GB,경산군,2005,,2012,407
GB_경산군,GB,경산군,2006,,2012,407
GB_경산군,GB,경산군,2007,,2012,407
GB_경산군,GB,경산군,2008,,2012,407
GB_경산군,GB,경산군,2009,,2012,407
GB_경산군,GB,경산군,2010,,2012,407
GB_경산군,GB,경산군,2011,,2012,407
GB_금릉군,GB,금릉군,2000,,2012,409
GB_금릉군,GB,금릉군,2001,,2012,409
GB_금릉군,GB,금릉군,2002,,2012,409
GB_금릉군,GB,금릉군,2003,,2012,409
GB_금릉군,GB,금릉군,2004,,2012,409
GB_금릉군,GB,금릉군,2005,,2012,409
GB_금릉군,GB,금릉군,2006,,2012,409
GB_금릉군,GB,금릉군,2007,,2012,409
GB_금릉군,GB,금릉군,2008,,2012,409
GB_금릉군,GB,금릉군,2009,,2012,409
GB_금릉군,GB,금릉군,2010,,2012,409
GB_금릉군,GB,금릉군,2011,,2012,409
GB_선산군,GB,선산군,2000,,2012,411
GB_선산군,GB,선산군,2001,,2012,411
GB_선산군,GB,선산군,2002,,2012,411
GB_선산군,GB,선산군,2003,,2012,411
GB_선산군,GB,선산군,2004,,2012,411
GB_선산군,GB,선산군,2005,,2012,411
GB_선산군,GB,선산군,2006,,2012,411
GB_선산군,GB,선산군,2007,,2012,411
GB_선산군,GB,선산군,2008,,2012,411
GB_선산군,GB,선산군,2009,,2012,411
GB_선산군,GB,선산군,2010,,2012,411
GB_선산군,GB,선산군,2011,,2012,411
GB_상주군,GB,상주군,2000,,2012,413
GB_상주군,GB,상주군,2001,,2012,413
GB_상주군,GB,상주군,2002,,2012,413
GB_상주군,GB,상주군,2003,,2012,413
GB_상주군,GB,상주군,2004,,2012,413
GB_상주군,GB,상주군,2005,,2012,413
GB_상주군,GB,상주군,2006,,2012,413
GB_상주군,GB,상주군,2007,,2012,413
GB_상주군,GB,상주군,2008,,2012,413
GB_상주군,GB,상주군,2009,,2012,413
GB_상주군,GB,상주군,2010,,2012,413
GB_상주군,GB,상주군,2011,,2012,413
GB_문경군,GB,문경군,2000,,2012,415
GB_문경군,GB,문경군,2001,,2012,415
GB_문경군,GB,문경군,2002,,2012,415
GB_문경군,GB,문경군,2003,,2012,415
GB_문경군,GB,문경군,2004,,2012,415
GB_문경군,GB,문경군,2005,,2012,415
GB_문경군,GB,문경군,2006,,2012,415
GB_문경군,GB,문경군,2007,,2012,415
GB_문경군,GB,문경군,2008,,2012,415
GB_문경군,GB,문경군,2009,,2012,415
GB_문경군,GB,문경군,2010,,2012,415
GB_문경군,GB,문경군,2011,,2012,415
GB_영주군,GB,영주군,2000,,2012,417
GB_영주군,GB,영주군,2001,,2012,417
GB_영주군,GB,영주군,2002,,2012,417
GB_영주군,GB,영주군,2003,,2012,417
GB_영주군,GB,영주군,2004,,2012,417
GB_영주군,GB,영주군,2005,,2012,417
GB_영주군,GB,영주군,2006,,2012,417
GB_영주군,GB,영주군,2007,,2012,417
GB_영주군,GB,영주군,2008,,2012,417
GB_영주군,GB,영주군,2009,,2012,417
GB_영주군,GB,영주군,2010,,2012,417
GB_영주군,GB,영주군,2011,,2012,417
GN_창원시,GN,창원시,2000,3460.0,2012,421
GN_창원시,GN,창원시,2001,3552.0,2012,421
GN_창원시,GN,창원시,2002,3497.0,2012,421
GN_창원시,GN,창원시,2003,3227.0,2012,421
GN_창원시,GN,창원시,2004,3200.0,2012,421
GN_창원시,GN,창원시,2005,3248.0,2012,421
GN_창원시,GN,창원시,2006,3340.0,2012,421
GN_창원시,GN,창원시,2007,3336.0,2012,421
GN_창원시,GN,창원시,2008,3308.0,2012,421
GN_창원시,GN,창원시,2009,3332.0,2012,421
GN_창원시,GN,창원시,2010,2739.0,2012,421
GN_창원시,GN,창원시,2011,3893.0,2012,421
GN_마산시,GN,마산시,2000,2055.0,2012,423
GN_마산시,GN,마산시,2001,2047.0,2012,423
GN_마산시,GN,마산시,2002,1964.0,2012,423
GN_마산시,GN,마산시,2003,1684.0,2012,423
GN_마산시,GN,마산시,2004,1733.0,2012,423
GN_마산시,GN,마산시,2005,1629.0,2012,423
GN_마산시,GN,마산시,2006,1634.0,2012,423
GN_마산시,GN,마산시,2007,1642.0,2012,423
GN_마산시,GN,마산시,2008,1393.0,2012,423
GN_마산시,GN,마산시,2009,1417.0,2012,423
GN_마산시,GN,마산시,2010,1322.0,2012,423
GN_마산시,GN,마산시,2011,,2012,423
GN_진주시,GN,진주시,2000,7693.0,2012,425
GN_진주시,GN,진주시,2001,7535.0,2012,425
GN_진주시,GN,진주시,2002,7307.0,2012,425
GN_진주시,GN,진주시,2003,6832.0,2012,425
GN_진주시,GN,진주시,2004,6766.0,2012,425
GN_진주시,GN,진주시,2005,6624.0,2012,425
GN_진주시,GN,진주시,2006,6823.0,2012,425
GN_진주시,GN,진주시,2007,6628.0,2012,425
GN_진주시,GN,진주시,2008,6619.0,2012,425
GN_진주시,GN,진주시,2009,6262.0,2012,425
GN_진주시,GN,진주시,2010,6113.0,2012,425
GN_진주시,GN,진주시,2011,5931.0,2012,425
GN_울산시,GN,울산시,2000,,2012,427
GN_울산시,GN,울산시,2001,,2012,427
GN_울산시,GN,울산시,2002,,2012,427
GN_울산시,GN,울산시,2003,,2012,427
GN_울산시,GN,울산시,2004,,2012,427
GN_울산시,GN,울산시,2005,,2012,427
GN_울산시,GN,울산시,2006,,2012,427
GN_울산시,GN,울산시,2007,,2012,427
GN_울산시,GN,울산시,2008,,2012,427
GN_울산시,GN,울산시,2009,,2012,427
GN_울산시,GN,울산시,2010,,2012,427
GN_울산시,GN,울산시,2011,,2012,427
GN_진해시,GN,진해시,2000,464.0,2012,429
GN_진해시,GN,진해시,2001,458.0,2012,429
GN_진해시,GN,진해시,2002,425.0,2012,429
GN_진해시,GN,진해시,2003,405.0,2012,429
GN_진해시,GN,진해시,2004,378.0,2012,429
GN_진해시,GN,진해시,2005,358.0,2012,429
GN_진해시,GN,진해시,2006,387.0,2012,429
GN_진해시,GN,진해시,2007,380.0,2012,429
GN_진해시,GN,진해시,2008,197.0,2012,429
GN_진해시,GN,진해시,2009,161.0,2012,429
GN_진해시,GN,진해시,2010,125.0,2012,429
GN_진해시,GN,진해시,2011,,2012,429
GN_통영시,GN,통영시,2000,782.0,2012,431
GN_통영시,GN,통영시,2001,844.0,2012,431
GN_통영시,GN,통영시,2002,796.0,2012,431
GN_통영시,GN,통영시,2003,702.0,2012,431
GN_통영시,GN,통영시,2004,709.0,2012,431
GN_통영시,GN,통영시,2005,677.0,2012,431
GN_통영시,GN,통영시,2006,559.0,2012,431
GN_통영시,GN,통영시,2007,571.0,2012,431
GN_통영시,GN,통영시,2008,479.0,2012,431
GN_통영시,GN,통영시,2009,503.0,2012,431
GN_통영시,GN,통영시,2010,406.0,2012,431
GN_통영시,GN,통영시,2011,362.0,2012,431
GN_사천시,GN,사천시,2000,5995.0,2012,433
GN_사천시,GN,사천시,2001,6025.0,2012,433
GN_사천시,GN,사천시,2002,5905.0,2012,433
GN_사천시,GN,사천시,2003,5552.0,2012,433
GN_사천시,GN,사천시,2004,5471.0,2012,433
GN_사천시,GN,사천시,2005,5391.0,2012,433
GN_사천시,GN,사천시,2006,5284.0,2012,433
GN_사천시,GN,사천시,2007,5390.0,2012,433
GN_사천시,GN,사천시,2008,5362.0,2012,433
GN_사천시,GN,사천시,2009,5182.0,2012,433
GN_사천시,GN,사천시,2010,4848.0,2012,433
GN_사천시,GN,사천시,2011,4669.0,2012,433
GN_충무시,GN,충무시,2000,,2012,435
GN_충무시,GN,충무시,2001,,2012,435
GN_충무시,GN,충무시,2002,,2012,435
GN_충무시,GN,충무시,2003,,2012,435
GN_충무시,GN,충무시,2004,,2012,435
GN_충무시,GN,충무시,2005,,2012,435
GN_충무시,GN,충무시,2006,,2012,435
GN_충무시,GN,충무시,2007,,2012,435
GN_충무시,GN,충무시,2008,,2012,435
GN_충무시,GN,충무시,2009,,2012,435
GN_충무시,GN,충무시,2010,,2012,435
GN_충무시,GN,충무시,2011,,2012,435
GN_김해시,GN,김해시,2000,6180.0,2009,437
GN_김해시,GN,김해시,2001,6069.0,2009,437
GN_김해시,GN,김해시,2002,5836.0,2009,437
GN_김해시,GN,김해시,2003,5649.0,2009,437
GN_김해시,GN,김해시,2004,5269.0,2009,437
GN_김해시,GN,김해시,2005,5136.0,2009,437
GN_김해시,GN,김해시,2006,5368.0,2009,437
GN_김해시,GN,김해시,2007,5343.0,2009,437
GN_김해시,GN,김해시,2008,5435.0,2009,437
GN_김해시,GN,김해시,2009,5544.0,2009,437
GN_김해시,GN,김해시,2010,4672.0,2009,437
GN_김해시,GN,김해시,2011,4410.0,2009,437
GN_삼천포시,GN,삼천포시,2000,,2012,439
GN_삼천포시,GN,삼천포시,2001,,2012,439
GN_삼천포시,GN,삼천포시,2002,,2012,439
GN_삼천포시,GN,삼천포시,2003,,2012,439
GN_삼천포시,GN,삼천포시,2004,,2012,439
GN_삼천포시,GN,삼천포시,2005,,2012,439
GN_삼천포시,GN,삼천포시,2006,,2012,439
GN_삼천포시,GN,삼천포시,2007,,2012,439
GN_삼천포시,GN,삼천포시,2008,,2012,439
GN_삼천포시,GN,삼천포시,2009,,2012,439
GN_삼천포시,GN,삼천포시,2010,,2012,439
GN_삼천포시,GN,삼천포시,2011,,2012,439
GN_밀양시,GN,밀양시,2000,7804.0,2009,441
GN_밀양시,GN,밀양시,2001,7832.0,2009,441
GN_밀양시,GN,밀양시,2002,7633.0,2009,441
GN_밀양시,GN,밀양시,2003,7245.0,2009,441
GN_밀양시,GN,밀양시,2004,6963.0,2009,441
GN_밀양시,GN,밀양시,2005,6822.0,2009,441
GN_밀양시,GN,밀양시,2006,6837.0,2009,441
GN_밀양시,GN,밀양시,2007,6941.0,2009,441
GN_밀양시,GN,밀양시,2008,6863.0,2009,441
GN_밀양시,GN,밀양시,2009,6760.0,2009,441
GN_밀양시,GN,밀양시,2010,6475.0,2009,441
GN_밀양시,GN,밀양시,2011,6082.0,2009,441
GN_거제시,GN,거제시,2000,2634.0,2012,443
GN_거제시,GN,거제시,2001,2568.0,2012,443
GN_거제시,GN,거제시,2002,2508.0,2012,443
GN_거제시,GN,거제시,2003,2228.0,2012,443
GN_거제시,GN,거제시,2004,2132.0,2012,443
GN_거제시,GN,거제시,2005,2084.0,2012,443
GN_거제시,GN,거제시,2006,1975.0,2012,443
GN_거제시,GN,거제시,2007,1960.0,2012,443
GN_거제시,GN,거제시,2008,1925.0,2012,443
GN_거제시,GN,거제시,2009,1870.0,2012,443
GN_거제시,GN,거제시,2010,1872.0,2012,443
GN_거제시,GN,거제시,2011,1861.0,2012,443
GN_양산시,GN,양산시,2000,2040.0,2012,445
GN_양산시,GN,양산시,2001,1962.0,2012,445
GN_양산시,GN,양산시,2002,1863.0,2012,445
GN_양산시,GN,양산시,2003,1545.0,2012,445
GN_양산시,GN,양산시,2004,1378.0,2012,445
GN_양산시,GN,양산시,2005,1146.0,2012,445
GN_양산시,GN,양산시,2006,1281.0,2012,445
GN_양산시,GN,양산시,2007,1428.0,2012,445
GN_양산시,GN,양산시,2008,1271.0,2012,445
GN_양산시,GN,양산시,2009,1394.0,2012,445
GN_양산시,GN,양산시,2010,1005.0,2012,445
GN_양산시,GN,양산시,2011,1008.0,2012,445
GN_의령군,GN,의령군,2000,5175.0,2012,447
GN_의령군,GN,의령군,2001,5154.0,2012,447
GN_의령군,GN,의령군,2002,5003.0,2012,447
GN_의령군,GN,의령군,2003,4594.0,2012,447
GN_의령군,GN,의령군,2004,4469.0,2012,447
GN_의령군,GN,의령군,2005,4380.0,2012,447
GN_의령군,GN,의령군,2006,4456.0,2012,447
GN_의령군,GN,의령군,2007,4555.0,2012,447
GN_의령군,GN,의령군,2008,4422.0,2012,447
GN_의령군,GN,의령군,2009,4180.0,2012,447
GN_의령군,GN,의령군,2010,3742.0,2012,447
GN_의령군,GN,의령군,2011,3681.0,2012,447
GN_함안군,GN,함안군,2000,7228.0,2012,449
GN_함안군,GN,함안군,2001,7228.0,2012,449
GN_함안군,GN,함안군,2002,7081.0,2012,449
GN_함안군,GN,함안군,2003,6850.0,2012,449
GN_함안군,GN,함안군,2004,6678.0,2012,449
GN_함안군,GN,함안군,2005,6617.0,2012,449
GN_함안군,GN,함안군,2006,6823.0,2012,449
GN_함안군,GN,함안군,2007,6881.0,2012,449
GN_함안군,GN,함안군,2008,6954.0,2012,449
GN_함안군,GN,함안군,2009,6803.0,2012,449
GN_함안군,GN,함안군,2010,6479.0,2012,449
GN_함안군,GN,함안군,2011,6096.0,2012,449
GN_창녕군,GN,창녕군,2000,7602.0,2012,451
GN_창녕군,GN,창녕군,2001,7781.0,2012,451
GN_창녕군,GN,창녕군,2002,7618.0,2012,451
GN_창녕군,GN,창녕군,2003,7401.0,2012,451
GN_창녕군,GN,창녕군,2004,7329.0,2012,451
GN_창녕군,GN,창녕군,2005,7289.0,2012,451
GN_창녕군,GN,창녕군,2006,6984.0,2012,451
GN_창녕군,GN,창녕군,2007,7004.0,2012,451
GN_창녕군,GN,창녕군,2008,7025.0,2012,451
GN_창녕군,GN,창녕군,2009,6999.0,2012,451
GN_창녕군,GN,창녕군,2010,6610.0,2012,451
GN_창녕군,GN,창녕군,2011,6232.0,2012,451
GN_고성군,GN,고성군,2000,7695.0,2012,453
GN_고성군,GN,고성군,2001,7645.0,2012,453
GN_고성군,GN,고성군,2002,7610.0,2012,453
GN_고성군,GN,고성군,2003,7243.0,2012,453
GN_고성군,GN,고성군,2004,7114.0,2012,453
GN_고성군,GN,고성군,2005,7006.0,2012,453
GN_고성군,GN,고성군,2006,6880.0,2012,453
GN_고성군,GN,고성군,2007,6878.0,2012,453
GN_고성군,GN,고성군,2008,6516.0,2012,453
GN_고성군,GN,고성군,2009,6687.0,2012,453
GN_고성군,GN,고성군,2010,6483.0,2012,453
GN_고성군,GN,고성군,2011,6181.0,2012,453
GN_남해군,GN,남해군,2000,4026.0,2012,455
GN_남해군,GN,남해군,2001,4015.0,2012,455
GN_남해군,GN,남해군,2002,3988.0,2012,455
GN_남해군,GN,남해군,2003,3668.0,2012,455
GN_남해군,GN,남해군,2004,3590.0,2012,455
GN_남해군,GN,남해군,2005,3535.0,2012,455
GN_남해군,GN,남해군,2006,3291.0,2012,455
GN_남해군,GN,남해군,2007,3366.0,2012,455
GN_남해군,GN,남해군,2008,3234.0,2012,455
GN_남해군,GN,남해군,2009,3141.0,2012,455
GN_남해군,GN,남해군,2010,3097.0,2012,455
GN_남해군,GN,남해군,2011,3061.0,2012,455
GN_하동군,GN,하동군,2000,6603.0,2012,457
GN_하동군,GN,하동군,2001,6485.0,2012,457
GN_하동군,GN,하동군,2002,6429.0,2012,457
GN_하동군,GN,하동군,2003,6042.0,2012,457
GN_하동군,GN,하동군,2004,5888.0,2012,457
GN_하동군,GN,하동군,2005,5735.0,2012,457
GN_하동군,GN,하동군,2006,5661.0,2012,457
GN_하동군,GN,하동군,2007,5769.0,2012,457
GN_하동군,GN,하동군,2008,5753.0,2012,457
GN_하동군,GN,하동군,2009,5489.0,2012,457
GN_하동군,GN,하동군,2010,5390.0,2012,457
GN_하동군,GN,하동군,2011,5024.0,2012,457
GN_산청군,GN,산청군,2000,5498.0,2012,459
GN_산청군,GN,산청군,2001,5547.0,2012,459
GN_산청군,GN,산청군,2002,5521.0,2012,459
GN_산청군,GN,산청군,2003,4922.0,2012,459
GN_산청군,GN,산청군,2004,4658.0,2012,459
GN_산청군,GN,산청군,2005,4528.0,2012,459
GN_산청군,GN,산청군,2006,4693.0,2012,459
GN_산청군,GN,산청군,2007,4777.0,2012,459
GN_산청군,GN,산청군,2008,4581.0,2012,459
GN_산청군,GN,산청군,2009,4498.0,2012,459
GN_산청군,GN,산청군,2010,4521.0,2012,459
GN_산청군,GN,산청군,2011,4209.0,2012,459
GN_함양군,GN,함양군,2000,5099.0,2012,461
GN_함양군,GN,함양군,2001,5176.0,2012,461
GN_함양군,GN,함양군,2002,5016.0,2012,461
GN_함양군,GN,함양군,2003,4731.0,2012,461
GN_함양군,GN,함양군,2004,4658.0,2012,461
GN_함양군,GN,함양군,2005,4557.0,2012,461
GN_함양군,GN,함양군,2006,4439.0,2012,461
GN_함양군,GN,함양군,2007,4477.0,2012,461
GN_함양군,GN,함양군,2008,4447.0,2012,461
GN_함양군,GN,함양군,2009,4483.0,2012,461
GN_함양군,GN,함양군,2010,4292.0,2012,461
GN_함양군,GN,함양군,2011,3846.0,2012,461
GN_거창군,GN,거창군,2000,6346.0,2012,463
GN_거창군,GN,거창군,2001,6424.0,2012,463
GN_거창군,GN,거창군,2002,6318.0,2012,463
GN_거창군,GN,거창군,2003,5852.0,2012,463
GN_거창군,GN,거창군,2004,5890.0,2012,463
GN_거창군,GN,거창군,2005,5736.0,2012,463
GN_거창군,GN,거창군,2006,5692.0,2012,463
GN_거창군,GN,거창군,2007,5707.0,2012,463
GN_거창군,GN,거창군,2008,5681.0,2012,463
GN_거창군,GN,거창군,2009,5698.0,2012,463
GN_거창군,GN,거창군,2010,5540.0,2012,463
GN_거창군,GN,거창군,2011,5237.0,2012,463
GN_합천군,GN,합천군,2000,9414.0,2012,465
GN_합천군,GN,합천군,2001,9480.0,2012,465
GN_합천군,GN,합천군,2002,9348.0,2012,465
GN_합천군,GN,합천군,2003,8996.0,2012,465
GN_합천군,GN,합천군,2004,8895.0,2012,465
GN_합천군,GN,합천군,2005,8779.0,2012,465
GN_합천군,GN,합천군,2006,8625.0,2012,465
GN_합천군,GN,합천군,2007,8644.0,2012,465
GN_합천군,GN,합천군,2008,8845.0,2012,465
GN_합천군,GN,합천군,2009,8778.0,2012,465
GN_합천군,GN,합천군,2010,8219.0,2012,465
GN_합천군,GN,합천군,2011,7739.0,2012,465
GN_진양군,GN,진양군,2000,,2012,467
GN_진양군,GN,진양군,2001,,2012,467
GN_진양군,GN,진양군,2002,,2012,467
GN_진양군,GN,진양군,2003,,2012,467
GN_진양군,GN,진양군,2004,,2012,467
GN_진양군,GN,진양군,2005,,2012,467
GN_진양군,GN,진양군,2006,,2012,467
GN_진양군,GN,진양군,2007,,2012,467
GN_진양군,GN,진양군,2008,,2012,467
GN_진양군,GN,진양군,2009,,2012,467
GN_진양군,GN,진양군,2010,,2012,467
GN_진양군,GN,진양군,2011,,2012,467
GN_밀양군,GN,밀양군,2000,,2012,469
GN_밀양군,GN,밀양군,2001,,2012,469
GN_밀양군,GN,밀양군,2002,,2012,469
GN_밀양군,GN,밀양군,2003,,2012,469
GN_밀양군,GN,밀양군,2004,,2012,469
GN_밀양군,GN,밀양군,2005,,2012,469
GN_밀양군,GN,밀양군,2006,,2012,469
GN_밀양군,GN,밀양군,2007,,2012,469
GN_밀양군,GN,밀양군,2008,,2012,469
GN_밀양군,GN,밀양군,2009,,2012,469
GN_밀양군,GN,밀양군,2010,,2012,469
GN_밀양군,GN,밀양군,2011,,2012,469
GN_양산군,GN,양산군,2000,,2012,471
GN_양산군,GN,양산군,2001,,2012,471
GN_양산군,GN,양산군,2002,,2012,471
GN_양산군,GN,양산군,2003,,2012,471
GN_양산군,GN,양산군,2004,,2012,471
GN_양산군,GN,양산군,2005,,2012,471
GN_양산군,GN,양산군,2006,,2012,471
GN_양산군,GN,양산군,2007,,2012,471
GN_양산군,GN,양산군,2008,,2012,471
GN_양산군,GN,양산군,2009,,2012,471
GN_양산군,GN,양산군,2010,,2012,471
GN_양산군,GN,양산군,2011,,2012,471
GN_울주군,GN,울주군,2000,,2012,473
GN_울주군,GN,울주군,2001,,2012,473
GN_울주군,GN,울주군,2002,,2012,473
GN_울주군,GN,울주군,2003,,2012,473
GN_울주군,GN,울주군,2004,,2012,473
GN_울주군,GN,울주군,2005,,2012,473
GN_울주군,GN,울주군,2006,,2012,473
GN_울주군,GN,울주군,2007,,2012,473
GN_울주군,GN,울주군,2008,,2012,473
GN_울주군,GN,울주군,2009,,2012,473
GN_울주군,GN,울주군,2010,,2012,473
GN_울주군,GN,울주군,2011,,2012,473
GN_김해군,GN,김해군,2000,,2012,475
GN_김해군,GN,김해군,2001,,2012,475
GN_김해군,GN,김해군,2002,,2012,475
GN_김해군,GN,김해군,2003,,2012,475
GN_김해군,GN,김해군,2004,,2012,475
GN_김해군,GN,김해군,2005,,2012,475
GN_김해군,GN,김해군,2006,,2012,475
GN_김해군,GN,김해군,2007,,2012,475
GN_김해군,GN,김해군,2008,,2012,475
GN_김해군,GN,김해군,2009,,2012,475
GN_김해군,GN,김해군,2010,,2012,475
GN_김해군,GN,김해군,2011,,2012,475
GN_창원군,GN,창원군,2000,,2012,477
GN_창원군,GN,창원군,2001,,2012,477
GN_창원군,GN,창원군,2002,,2012,477
GN_창원군,GN,창원군,2003,,2012,477
GN_창원군,GN,창원군,2004,,2012,477
GN_창원군,GN,창원군,2005,,2012,477
GN_창원군,GN,창원군,2006,,2012,477
GN_창원군,GN,창원군,2007,,2012,477
GN_창원군,GN,창원군,2008,,2012,477
GN_창원군,GN,창원군,2009,,2012,477
GN_창원군,GN,창원군,2010,,2012,477
GN_창원군,GN,창원군,2011,,2012,477
GN_통영군,GN,통영군,2000,,2012,479
GN_통영군,GN,통영군,2001,,2012,479
GN_통영군,GN,통영군,2002,,2012,479
GN_통영군,GN,통영군,2003,,2012,479
GN_통영군,GN,통영군,2004,,2012,479
GN_통영군,GN,통영군,2005,,2012,479
GN_통영군,GN,통영군,2006,,2012,479
GN_통영군,GN,통영군,2007,,2012,479
GN_통영군,GN,통영군,2008,,2012,479
GN_통영군,GN,통영군,2009,,2012,479
GN_통영군,GN,통영군,2010,,2012,479
GN_통영군,GN,통영군,2011,,2012,479
GN_거제군,GN,거제군,2000,,2012,481
GN_거제군,GN,거제군,2001,,2012,481
GN_거제군,GN,거제군,2002,,2012,481
GN_거제군,GN,거제군,2003,,2012,481
GN_거제군,GN,거제군,2004,,2012,481
GN_거제군,GN,거제군,2005,,2012,481
GN_거제군,GN,거제군,2006,,2012,481
GN_거제군,GN,거제군,2007,,2012,481
GN_거제군,GN,거제군,2008,,2012,481
GN_거제군,GN,거제군,2009,,2012,481
GN_거제군,GN,거제군,2010,,2012,481
GN_거제군,GN,거제군,2011,,2012,481
GN_사천군,GN,사천군,2000,,2012,483
GN_사천군,GN,사천군,2001,,2012,483
GN_사천군,GN,사천군,2002,,2012,483
GN_사천군,GN,사천군,2003,,2012,483
GN_사천군,GN,사천군,2004,,2012,483
GN_사천군,GN,사천군,2005,,2012,483
GN_사천군,GN,사천군,2006,,2012,483
GN_사천군,GN,사천군,2007,,2012,483
GN_사천군,GN,사천군,2008,,2012,483
GN_사천군,GN,사천군,2009,,2012,483
GN_사천군,GN,사천군,2010,,2012,483
GN_사천군,GN,사천군,2011,,2012,483
